id,text,source,embeddings
test-1,Kantor cabang Surabaya buka Senin-Jumat,test,"[-0.029345576, 0.008089973, -0.13369113, -0.008562315, -0.03230042, -0.025597386, -0.014488106, -0.034127656, -0.031942215, 0.00023706998, 0.019481404, -0.029342908, 0.0978755, -0.03722117, 0.015552998, -0.09703749, 0.0282002, -0.038304757, -0.015913812, 0.040093057, -0.026008673, 0.042121973, -0.04828539, -0.04371334, 0.051444333, 0.017289933, -0.0056692213, 0.07052115, 0.035429254, -0.030748567, 0.04867877, -0.03240158, -0.022969447, -0.06116558, -0.01615352, -0.009429587, 0.08249888, 0.0037642538, 0.008310243, -0.020389998, 0.019965313, -0.06813017, 0.023434414, -0.013255664, 0.089761496, 0.014238898, 0.07867957, 0.07761146, 0.07807565, -0.004993728, -0.03435033, -0.021712525, -0.009158931, -0.082826786, 0.010722537, 0.053264484, 0.021057874, -0.0083752535, -0.009205381, 0.0010525498, 0.063366175, 0.0398386, -0.012334345, 0.07274151, 0.041783925, -0.072824426, -0.02746941, 0.007038518, -0.016614467, 0.012163506, 0.049710546, -0.001363471, -0.008529945, 0.039392553, -0.0009806583, 0.038576547, -0.052710954, 0.00075049314, -0.058258325, 0.014599344, 0.04171633, -0.014635168, 0.092499495, 0.00059615495, 0.035411716, -0.029233813, -0.03435186, 0.016280286, -0.02320614, -0.008951092, 0.035078887, 0.046102934, 0.032261003, 0.029154165, -0.023888733, 0.008955575, 0.016755112, 0.03204667, -0.028291991, -0.052606646, -0.03727164, 0.01343906, 0.03159962, 0.03798814, 0.008735929, 0.036368545, -0.019588925, 0.024086084, -0.003913093, -0.03965772, -0.023349503, 0.0030890962, -0.050138205, -0.047213614, -0.0001840662, 0.0034293171, 0.0138783865, -0.004237671, 0.05228527, -0.017338902, -0.00020741262, 0.025972825, 0.025231048, 0.0057269526, -0.008490619, 0.007326929, -0.058030378, 0.036245786, 0.014020874, -0.07047321, 0.003027158, -0.041644257, -0.0012101437, -0.03728482, 0.03556334, 0.016546372, -0.04296369, -0.04174958, 0.02823943, 0.008237015, 0.058597732, 0.04517562, 0.043128494, -0.031533245, -0.08884572, -0.034134682, 0.028205698, -0.02171313, -0.017770443, -0.0031437345, 0.023679888, 0.0059787906, -0.01966046, 0.02620722, 0.012230499, -0.006930455, -0.035916515, 0.015280305, 0.050819978, -0.027572788, 0.0197641, 0.020697867, -0.03327305, 0.002824029, -0.019750377, 0.009437977, 0.053357646, 0.039963953, 0.01782181, 0.0031954055, -0.08952247, -0.036291625, -0.055141196, 0.012534966, 0.024031945, -0.039494433, -0.013981999, -0.02495412, -0.02687242, -0.042111836, -0.0038380558, -0.04060631, 0.02689082, 0.035224006, -0.07405077, -0.028202072, 0.0150095085, -0.066876754, -0.014624528, -0.029771512, 0.02975044, 0.017635131, -0.008201626, -0.0040618605, -0.0038203886, -0.016996823, 0.07973598, 0.060405146, 0.029422926, -0.06610538, 0.015807116, -0.0011904251, -0.004599447, -0.016609415, -0.019885644, 0.011023625, 0.018864445, 0.02976297, 0.0015766951, -0.017250637, 0.013291921, -0.035512622, 0.0013695791, -0.0051666643, 0.023746, -0.051283594, 0.029497847, -0.01769492, -0.0022930757, 0.047376715, 0.023019442, 0.052894916, -0.027839214, -0.0051674293, 0.028990254, 0.041303284, 0.02166274, 0.061275072, -0.02478799, 0.040425844, -0.04158945, -0.03874143, 0.021611655, -0.01492488, 0.03134313, 0.065565124, 0.04497827, 0.025206482, 0.013170467, 0.009953756, 0.02157111, 0.02723832, 0.02282449, -0.021422235, -0.07737035, 0.052200057, 0.029210247, -0.06264736, 0.011889576, -0.0050504333, 0.042417005, -0.02869307, -0.007961647, 0.000987931, -0.0064493306, -0.03865083, -0.030684099, -0.006847776, -0.008420768, -0.034752097, -0.0050345557, -0.06725041, 0.013213478, -0.02920542, 0.023361223, 0.010988428, -0.016534545, -0.00045316547, 0.010785969, -0.020134294, -0.0075857234, 0.091400586, 0.018769821, 0.020153046, 0.005631112, 0.016316393, -0.003392399, -0.053330984, -0.082342185, 0.018222222, -0.012347234, -0.026834426, -0.020183435, 0.028670276, -0.0015035716, -0.002606642, 0.005993448, 0.032968182, 0.01785383, 0.0257819, 0.030923814, -0.0016304023, -0.0059509804, 0.068337426, 0.023165904, 0.030205, 0.059924416, 0.0026177294, 0.031494036, 0.0076375525, 0.032041665, -0.03342913, 0.008168666, -0.02301246, 0.01696658, -0.052559238, 0.04965948, 2.2490032e-05, 0.019944508, -0.012621902, -0.037123326, 0.015606808, -0.022212284, -0.003644339, -0.063737005, 0.0062412852, -0.014230911, 0.0055391146, 0.04902042, 0.029841624, 0.017845016, -0.016502634, 0.038388424, -0.030232728, -0.02710076, 0.018298075, -0.04816713, 0.03597324, 0.07046348, -0.06851534, -0.040499516, 0.038720828, 0.02556893, -0.032287974, -0.036881495, 0.009677351, -0.012565548, 0.028565949, -0.036791448, -0.0012508213, 0.038756803, -0.00474878, -0.0012772614, -0.09888904, -0.01856393, 0.03076614, -0.033777438, -0.023005322, 0.00696941, 0.063343726, -0.011071519, 0.013317164, 0.0366894, 0.044317666, -0.02980135, 0.009880602, 0.02258496, 0.03707053, -0.016353732, 0.008728924, 0.043631494, -0.016479967, 0.07077366, -0.0060227118, -0.04712436, -0.01772176, 0.043214507, -0.04093833, 0.044379, -0.018664628, -0.029062204, -0.050576154, -0.05362236, 0.015022401, 0.032118127, 0.011692782, -0.05503709, -0.0061466643, -0.0030228407, 0.0028099623, 0.009146339, 0.011743899, 0.01760606, 0.06876485, 0.06644446, -0.058564752, 0.024726195, -0.020217286, 0.040152173, 0.012132649, 0.05072716, -0.03626408, -0.03476998, -0.021209884, -0.002209952, -0.027320532, 0.03228299, 0.04378117, 0.011452351, 0.031205524, -0.039948486, -0.004674508, 0.005079258, -0.07330809, 0.02023245, -0.026136788, -0.017186157, -0.0457066, 0.041220963, 0.018751435, 0.018084552, 0.028515015, 0.0218007, -0.060060274, -0.010001835, 0.009273617, 0.03344742, 0.07788315, -0.00096888584, -0.026471613, 0.036121305, 0.06327337, 0.033943716, 0.0072932923, 0.02352364, -0.028535478, 0.020911302, 0.05245545, 0.0018688575, -0.020490112, -0.031550683, 0.047668885, 0.029248422, -0.0025269098, -0.039337225, -0.0047107837, -0.01306798, -0.0062698564, 0.03383915, -0.0022260956, 0.042251952, 0.025122354, -0.039541993, -0.03728508, 0.0043685986, 0.052079346, 0.005547807, -0.04698322, -0.055958755, 0.0066833603, 0.03298127, 0.022049267, 0.005377368, 0.022100793, 0.014835927, -0.008496136, -0.012431948, 0.018234782, -0.0065671736, 0.058698922, 0.002846248, -0.01463038, -0.044155333, 0.021584678, 0.011124154, -0.055228554, 0.02518763, 0.019989964, 0.022442704, 0.04273433, -0.047333173, 0.008646167, 0.025982434, -0.06408405, -0.0022070915, -0.00081571407, -0.015197081, -0.02671391, -0.019321615, 0.036152303, 0.042732272, -0.0337042, -0.05124002, -0.0627579, 0.025181772, 0.027097866, 0.066672124, -0.033151343, 0.0037544016, -0.07806162, -0.031639814, 0.02459132, 0.015849676, 0.008384908, 0.049085535, 0.025111109, -0.023639021, 0.04160118, 0.028609617, 0.018960817, -0.005072676, 0.031825077, -0.023888037, -0.0051284772, -0.013875861, -0.0664699, -0.017421214, -0.02671079, -0.021634324, 0.03339914, -0.038824126, -0.0022745181, 0.02507908, -0.014533973, -0.012770983, -0.00024607938, 0.038475543, 0.0029732669, -0.017722506, -0.0023975752, 0.064397685, -0.057799593, -0.040016986, -0.023199892, 0.0005012485, 0.008588555, -0.01948955, -0.01177392, 0.03297042, -0.028413631, 0.060584627, -0.0016390606, -0.037519936, -0.027615864, -0.008047126, -0.011736493, -0.0023223637, 0.09414668, 0.03142327, 0.011744499, 0.050116763, -0.0332204, 0.03183195, -0.008134381, 0.002804803, 0.003545962, -0.060735945, -0.034512173, 0.015558484, -0.011807015, 0.0060454793, -0.060293805, -0.021434937, -0.03676884, 0.050703436, -0.050582863, -0.0016912648, 0.01618225, 0.033586476, -0.021490075, 0.030827824, -0.0029721903, 0.052592974, 0.00474114, 0.031408973, -0.06634859, -0.04070183, -0.008992537, 0.062230393, 0.031458728, -0.03857115, -0.015458222, -0.018712156, -0.0028719245, -0.05083032, -0.024962798, 0.00029258098, -0.00871597, -0.07675023, -0.042820845, 0.039770246, -0.013796013, 0.011193774, -0.01955006, -0.024085298, 0.025506364, -0.06457901, -0.02479929, 0.024190586, 0.021607194, -8.688051e-05, 0.0061064684, 0.011942863, -0.02007324, 0.033726197, 0.006414976, -0.040142484, 0.005093546, -0.06590744, -0.04517321, -0.058483113, -0.05615154, 0.028167544, -0.003055176, 0.010364314, 0.02584556, 0.005572086, -0.005883302, 0.039714977, -0.029936183, 0.044870686, 0.03290516, 0.006243517, 0.04303419, 0.004166883, 0.048318915, 0.026779909, -0.0062317294, -0.031184997, -0.040384963, 0.009524262, -0.012664698, 0.09084329, 0.030923668, 0.01931568, -0.024313675, -0.016784353, 0.005796293, 0.00030408386, 0.04098087, -0.032190584, -0.019977095, -0.02816534, -0.11577456, -0.04669286, 0.0434819, -0.023046028, 0.039161816, 0.0065510985, 0.013892404, 0.019517252, -0.040827323, -0.035132874, 0.017471015, 0.04694498, -0.004181051, 0.04557551, 0.010085921, 0.0314264, -0.03202339, 0.11030753, 0.056636788, 0.05426234, -0.04443128, -0.0117894905, 0.009343621, 0.04402465, -0.022716163, -0.008027729, -0.058607113, -0.00919788, -0.0060087377, -0.030614559, 0.009868457, 0.042494573, -0.021720394, 0.032949276, -0.023501068, -0.11769872, -0.009875391, 0.020604813, 0.013806625, 0.022813533, -0.046417475, 0.0139921205, 0.012120123, 0.027970726, 0.049995653, 0.013553419, -0.026801828, -0.033918083, -0.038102105, 0.002929968, 0.0036139614, 0.06314568, -0.00788981, 0.053969365, -0.069493495, 0.055795804, -0.06777444, 0.0050546913, -0.0018935296, -0.011728672, -0.032669935, -0.0117524145, -0.04449007, 0.0054792427, -0.040477023, -0.027428381, 0.07620646, -0.030794034, 0.03017407, -0.013040671, 0.0108879525, -0.054006584, 0.01287461, -0.036682986, 0.009240441, -0.048958585, 0.0297165, 0.00811955, 0.00680819, -0.016031388, 0.06605358, 0.0070950934, 0.032398414, -0.06178103, -0.018046191, -0.034878947, 0.0038984735, 0.03166828, 0.021262607, 0.044548243, -0.03425985, -0.0680687, -0.017074484, 0.0296596, -0.008290201, -0.009219304, -0.015562575, 0.035772853, -0.030172987, -0.06915248, 0.036062565, 0.0017201377, 0.032853242, -0.017768066, -0.02741757, 0.025666885, 0.0060724537, -0.03685306, -0.012086904, 0.053297363, 0.046560735, 0.014157879, -0.045505878, -0.06306276, -0.0069015455, 0.110950105, -0.020580316, 0.04278631, -0.03544462, -0.04247317, 0.003255665, -0.016179385, 0.011369897, -0.02218537, -0.03436045, 0.07511615, 0.0033684426, 0.042651605, 0.053408746, 0.006492165, -0.008091567, 0.010841061, -0.03511392, -0.047726016, -0.076337576]"
kebijakan-keamanan-data-nasabah.pdf-0,"Kebijakan Keamanan Data Nasabah - PT Nusantara Finance
1. Tujuan dan Ruang Lingkup
Kebijakan ini mengatur perlindungan data pribadi dan finansial nasabah sesuai regulasi perlindungan data
yang berlaku, berlaku untuk seluruh karyawan dan sistem PT Nusantara Finance.
2. Klasifikasi Data

Data Sangat Rahasia: nomor rekening, saldo, riwayat transaksi, data biometrik.

Data Rahasia: nama lengkap, alamat, nomor telepon, NPWP.

Data Publik: nama cabang, jam operasional, produk yang ditawarkan.
3. Re",kebijakan-keamanan-data-nasabah.pdf,"[0.025487684, 0.050945725, -0.17270002, -0.02964028, 0.017847707, 0.029866964, -0.013359754, -0.08445942, -0.04585428, -0.01719888, 0.027668191, -0.0064396127, 0.082204185, -0.0047929203, -0.012632244, -0.009703936, -0.00047048964, -0.04490415, -0.041346658, 0.07375791, -0.023275696, 0.012211205, -0.07054801, -0.011848495, 0.033263702, -0.014652932, -0.00015836275, -0.010247241, -0.016521493, -0.060191866, 0.056591876, 0.0180892, -0.039487682, -0.0012471155, -0.025314968, -0.06223751, 0.067035474, 0.05014179, 0.013385006, -0.027499296, -0.015939116, -0.017577605, 0.020786442, 0.010797199, 0.020660123, 0.014817999, 0.07103986, 0.033224866, 0.06592279, 0.01061983, -0.014213261, 0.015619498, -0.0023886987, 0.007727021, -0.03293001, 0.010499158, -0.017066536, 0.01473719, -0.021433853, -0.041189037, 0.10451112, 0.045690194, -0.032204513, 0.037455402, 0.049790304, -0.055307616, -0.033085864, 0.02850054, 0.018895794, -0.016206237, 0.046630766, 0.03718051, -0.0009789098, -0.016830057, 0.052928355, -0.0336242, -0.023908177, -0.034633767, -0.044867452, 0.051097322, 0.048753086, -0.03830907, 0.08184731, 0.009756105, 0.06590908, 0.0032351182, -0.044318974, -0.029728469, -0.055707447, 0.080117926, -0.0327632, 0.000101140366, 0.08199669, 0.017062629, -0.03142983, 0.024933374, -0.021229655, 0.019763654, -0.04011755, -0.030143334, -0.026784508, 0.0032099592, 0.09668526, 0.029907392, 0.043673784, 0.012390755, 0.01093309, 0.051168893, -0.029613122, -0.026560925, -0.03330598, 0.0125575615, 0.020945435, -0.047608126, -0.0036841708, 0.014423222, 0.018972462, -0.024118671, -4.8860642e-05, 0.040416345, -0.015331571, -0.01754955, 0.05532172, 0.023966124, 0.00893635, -0.0038226794, -0.08521124, 0.03594971, 0.0283885, -0.03985441, 0.038197033, -0.03620038, -0.035361864, 0.010829738, 0.04539788, 0.05236719, -0.034928042, 0.0490761, -0.011489202, -0.0050415825, 0.07651564, -0.026439603, 0.012292766, -0.0054462836, -0.032978073, -0.030237643, 0.056519434, -0.015243599, -0.02066116, 0.009381891, 0.026192324, -0.028915066, -0.048192743, 0.0107072545, 0.0002802511, -0.049848676, 0.013262756, -0.0017799308, 0.048515547, 0.022723254, 0.027877202, 0.009448781, 0.007934117, 0.07790689, 0.026814656, 0.004041361, -0.015699472, 0.043058112, 0.03982198, 0.0214321, -0.047478236, -0.034349833, -0.018300703, -0.04529578, 0.064665124, 0.0050641703, 0.02403325, 0.009886706, 0.023723923, -0.015931735, -0.017723644, -0.021980062, 0.024161171, 0.063919336, -0.07600243, -0.04151264, 0.007258428, -0.036485966, -0.049503323, -0.02987657, -0.0017011608, 0.04722472, -0.031491, -0.014370558, 0.0054267123, -0.021720827, 0.06356238, 0.05500388, 0.017717903, -0.062095396, -0.0029388638, 0.007086272, -0.013674985, 0.0028375927, -0.0076202196, 0.05114949, 0.012092976, 0.04961678, -0.013285003, 0.010177855, 0.020398084, -0.0103867315, -0.023940274, 0.0063739596, 0.027219173, -0.012384448, 0.03582482, -0.0488793, -0.025003172, 0.010552223, 0.004558475, -0.017138723, -0.003705427, -0.0076598004, 0.059477, 0.024278414, -0.041779395, -0.0165081, 0.01369797, -0.00998645, -0.064456604, -0.10929509, -0.0062795994, 0.033430777, 0.0174195, 0.034804743, 0.030861754, 0.028492095, 0.017524933, 0.029581416, -0.021253277, 0.056700878, 0.01467783, -0.008893352, -0.018212833, -0.01098042, -0.026363177, -0.041871578, 0.03274307, 0.03346687, 0.051741105, -0.013833172, 0.025187606, 0.009719247, 0.002365249, -0.041301988, -0.056426037, 0.011287998, 0.03241575, 0.03908943, 0.026942411, 0.007954936, 0.033904485, -0.0063986164, -0.0026933209, -0.027606219, -0.037862312, 0.008615723, 0.013438244, 0.00022563903, 0.01843347, -0.0066032736, 0.027756581, 0.022453964, 0.011135655, 0.018582083, 0.014796264, -0.004265142, -0.06807215, 0.053409643, -0.041290957, -0.027487913, -0.024071302, 0.033206332, -0.008376404, 0.02310878, 0.028237313, -0.0094944835, 0.0031391373, 0.05442018, 0.04945798, -0.0011557743, 0.0022300833, 0.00015817351, 0.006179656, -0.033082422, 0.03446665, -0.00784485, 0.0524436, -0.024504555, 0.0010197207, 0.05978585, 0.03616079, 0.038130928, -0.021514935, -0.021939626, 0.020859927, 0.014169185, 0.050021626, -0.027970359, -0.014257541, 0.0068434603, -0.0034133403, -0.013288863, -0.048901297, 0.03508975, -0.014965497, 0.050272193, 0.017684696, 0.057976335, -0.014449011, -0.06661463, -0.023195831, -0.06959234, 0.017262267, 0.06264892, -0.025076808, -0.0015484538, 0.033981856, -0.0713423, -0.016230544, 0.049153805, 0.00994708, -0.06960957, -0.069266796, 0.077486515, 0.025285944, 0.0075851684, 0.0018649513, 0.03124474, 0.0697087, -0.0197362, 0.006331341, -0.061553314, -0.04974572, -0.015486313, -0.01426246, -0.03153604, 0.025357347, 0.04613318, -0.0047511887, -0.044354584, 0.0027189276, 0.006435103, -0.0010417409, -0.011414478, -0.011766538, 0.044616073, -0.015228056, -0.0025387034, 0.023236366, -0.025945585, 0.0043688095, 0.038683522, -0.068983555, -0.0007198945, 0.0651963, 0.00017242476, 0.037441254, 0.0052865488, 0.015340439, -0.022580642, -0.022787327, 0.011493011, -0.008722852, -0.0048770267, -0.06390071, -0.0180699, 0.017944211, 0.08654157, 0.053104207, -0.022285309, 0.05294995, 0.05821345, 0.018633788, -0.04533325, 0.033765927, -0.026699923, 0.008856562, 0.008671145, -0.0014147793, -0.06378685, -0.042319447, 0.00095630705, 0.038237065, -0.034069993, 0.02895695, 0.023836052, 0.009153442, 0.060230948, -0.07670685, -0.07434848, -0.027887614, -0.029354487, -0.00201426, 0.052594405, -0.007800817, -0.07306248, 0.012769547, -0.0021294768, -0.041630447, 0.054199617, 0.014718813, -0.022666115, -0.0028213232, 0.0072177406, 0.01021823, 0.009218837, 0.014171886, 0.028427994, 0.031145597, 0.048999842, 0.026004074, -0.027881356, 0.0041108197, 0.019988334, 0.039871715, 0.037864856, 0.01589826, 0.0011705075, 0.07025712, 0.030835787, 0.0059959674, 0.038061015, -0.044656333, -0.006073289, -0.015668416, 0.038787786, -0.0051991893, -0.028179763, -0.0014613663, -0.0034419347, -0.04321443, -0.033997394, -0.007637422, 0.0845456, 0.009717341, -0.041797254, -0.049054317, 0.08551834, 0.03876394, 0.009317518, -0.017815396, 0.04532246, 0.022674108, -0.0117441835, -0.0043906826, -0.018665569, 0.019260995, 0.063118175, -0.01645496, 0.0063919565, -0.02568064, -0.03498972, 0.0063145626, -0.050222706, 0.031541273, -0.0023046748, 0.037310425, 0.024519179, -0.05992507, 0.0012312138, 0.042538043, -0.053916227, -0.02433445, -0.041535977, -0.027971989, -0.04209555, -0.0077099744, -0.020084362, 0.0607469, 0.009870907, -0.020719718, -0.024894312, 0.026170965, -0.0002749798, 0.05116031, -0.04233112, 0.05712897, -0.05367149, -0.0033148744, 0.0031882243, 0.030648882, 0.020467328, -0.014102584, -0.008693165, -0.027536647, 0.023543539, 0.045096707, 0.001945103, 0.03555014, 0.03998339, -0.031571273, -0.03237295, 0.04275915, -0.055689353, 0.031173041, -0.04469966, -0.03235728, 0.004453972, -0.015498755, 0.0020617319, 0.001071758, -0.0074503054, 0.007761908, -0.03385484, 0.046469852, 0.031707797, -0.011137377, 0.052784517, 0.0010848296, -0.039497655, 0.011175775, -0.031058455, 0.034660693, -0.021376232, 0.0031398914, -0.008915429, 0.028139789, -0.0039610253, 0.013978279, 0.060908027, -0.033093207, 0.00221595, -0.02482656, -0.010027307, 0.0031077324, 0.00861271, 0.08695657, 0.03594581, 0.013963747, 0.01802804, -0.0029881643, 0.004520287, 0.0016904603, -0.05038202, -0.010249622, -0.0196212, 0.04512179, -0.05207093, 0.049335033, -0.026924627, -0.015546382, -0.030013101, 0.024319313, -0.030614197, -0.0043098717, 0.00091892487, -0.058466, -0.02633842, -0.028348105, -0.020034887, 0.06914579, 0.032291237, 0.029360892, -0.016590945, -0.042609893, -0.04022155, -0.00856832, -0.013278773, -0.02832317, -0.032549262, -0.026551992, 0.006675803, 0.030239455, 0.018206099, 0.019158708, -0.02714538, -0.027419554, -0.030399043, -0.013519742, -0.0018212628, 0.044103626, 0.021617576, -0.05665439, 0.013992847, 0.0025854027, -0.07769797, -0.02728928, -0.014547812, -0.039617166, 0.027039262, 0.024537489, -0.06895483, 0.048425455, 0.011750267, 0.02000307, 0.004598825, -0.020104479, -0.031380624, -0.05096903, -0.053449363, 2.389167e-05, -0.04279704, -0.03088479, 0.0013543842, -0.017140958, 0.021006197, 0.0039356314, -0.00827911, 0.036254317, 0.033837687, -0.041551042, 0.0014226125, 0.013381391, -0.0104160085, 0.048786316, -0.02828612, -0.008812025, -0.044548832, 0.022352044, -0.029955981, 0.07780133, -0.013819509, 0.06878843, 0.002498509, -0.055005964, -0.0063177636, -0.037984364, 0.03488453, 0.0026185596, -0.036622427, -0.022320637, 0.0025341397, -0.058764663, 0.051011816, -0.009983374, 0.055037692, 0.01697686, 0.003194042, -0.013885388, -0.026479982, 0.031127673, 0.01420453, 0.03360697, -0.041786056, 0.024243802, 0.031473633, 0.008184003, 0.003070915, 0.092025235, 0.04396735, 0.04096393, -0.05170412, -0.049379453, -0.013781879, -0.023046503, -0.044847276, -0.04411384, -0.042657044, 0.015546277, 0.038518082, -0.04230847, 0.013716756, 0.037016075, 0.023161849, -0.0016572606, 0.0080824, -0.0905216, -0.035997085, 0.017541261, 0.024227856, -0.007424435, 0.03291139, -0.009394746, 0.055223137, 0.06578514, 0.00069195114, -0.045470357, 0.001303778, -0.009098352, 0.008129121, 0.032683205, -0.01578994, 0.0064215884, -0.015235895, 0.07628326, -0.043482546, 0.0077770804, -0.078640215, -0.037813075, -0.04473277, -0.017539755, -0.05940924, -0.026699182, -0.010340402, 0.023755085, -0.023418838, -0.06667915, 0.028396387, -0.005806908, -0.033242133, 0.036853258, -0.007458064, -0.028375518, -0.013202849, 0.0102222515, -0.0020542082, -0.04212673, -0.015458138, 0.020996986, -0.04304436, -0.008305262, 0.06020881, -0.013038206, 0.010800954, -0.014776902, -0.0476366, -0.031802975, 0.009436851, 0.021669865, -0.017293826, -0.019501552, -0.04149959, -0.035255086, -0.05079247, -0.04990248, -0.026765844, 0.0062308735, -0.012645051, -0.015487659, 0.0076049133, -0.074717924, 0.012625936, 0.03582802, 0.010101124, -0.031229036, -0.056337316, -0.0336639, -0.017358556, -0.036554698, 0.06274038, -0.008028018, 0.025604093, -0.034539163, -0.06473605, -0.06054118, 0.07272904, 0.07163674, -0.036033798, -0.010259595, -0.013891996, -0.02358042, 0.039971385, 0.029032854, 0.030180614, -0.027668, 0.026351301, 0.12020991, 0.032225236, 0.019111125, -0.020212814, 0.02590171, -0.004184063, -0.011528156, -0.045257237, -0.04097136, -0.043552108]"
kebijakan-keamanan-data-nasabah.pdf-1,"ng, jam operasional, produk yang ditawarkan.
3. Retensi dan Penyimpanan Data
Data nasabah disimpan selama masa aktif rekening ditambah 5 tahun setelah rekening ditutup, sesuai
ketentuan regulator. Setelah periode retensi berakhir, data akan dihapus secara permanen dari sistem
produksi.
4. Kontrol Akses

Akses ke data Sangat Rahasia hanya diberikan kepada karyawan dengan otorisasi khusus.

Seluruh akses ke data nasabah tercatat dalam log audit yang tidak dapat diubah.

Review akses dilakukan s",kebijakan-keamanan-data-nasabah.pdf,"[0.013861529, 0.02015257, -0.18674855, -0.019752141, -0.012121076, -0.03710253, 0.06836801, -0.04639663, -0.016965976, 0.008699142, 0.0005792949, 0.0259802, 0.085604385, -0.017827664, 0.027439078, -0.008435858, -0.007348467, -0.027561856, -0.05310127, 0.039246477, 0.024420865, -0.018467665, -0.101425044, -0.06631444, 0.020374617, 0.0130037, -0.006066401, -0.024662443, -0.03268049, -0.0661884, 0.03189373, -0.0007630522, -0.03940278, 0.009519724, -0.038730852, -0.069619305, 0.051000748, 0.031235628, 0.012238724, -0.022949714, 0.032732975, -0.009052802, 0.05356155, -0.007015755, -0.010288649, 0.035045847, 0.037163246, 0.044681333, 0.06252164, -0.024366824, -0.008488678, -0.013476498, -0.0049091214, -0.036723763, 0.016995646, 0.050706096, -0.04541972, -0.0125188, -0.017496813, -0.055863753, 0.03852768, 0.025677294, -0.017145706, 0.045700822, 0.0269069, -0.05315671, -0.0035086677, 0.041053575, 0.010215182, -0.008427673, 0.07361292, -0.020788265, 0.016127942, -0.015752057, 0.023639543, -0.011405096, -0.03730318, -0.03524343, -0.038697302, 0.030370694, 0.05882191, -0.0005296159, 0.08614298, 0.00571108, 0.032885652, -0.01449031, -0.02201345, -0.02921964, -0.03479522, 0.03703235, 0.019687047, -0.024383921, 0.04394296, 0.0025031008, -0.043424875, 0.033788823, -0.0053504715, -0.00666074, -0.028450511, -0.0075309547, -0.024402684, -0.015452629, 0.070897534, 0.0028904951, 0.020065788, 0.04500968, 0.013617901, 0.011173719, -0.043794323, -0.015992401, -0.04455482, -0.0037951819, 0.002145408, -0.017803075, 0.02235812, 0.03140136, 0.05227466, -0.03352154, -0.01670554, 0.023899984, 0.00343097, -0.037992496, -0.0007043975, 0.005326824, 0.017703377, -0.018899264, -0.06653755, 0.023282802, -0.008561304, -0.022665333, 0.018500263, -0.0016410352, -0.061484177, 0.000913212, 0.052848186, 0.033439796, 0.026264181, -0.005698773, -0.008885243, 0.015121986, 0.08214745, 0.05834128, -0.0075151757, -0.041018654, -0.025936564, -0.04976333, 0.079361595, 0.0025009527, -0.036486957, 0.014971633, 0.0059670093, -0.018502397, -0.03631245, 0.052654408, 0.007954821, -0.027749084, -0.035467405, 0.004565064, 0.012835639, 0.01902444, 0.02613548, -0.005845178, -0.0023946431, 0.08699668, -0.008655414, 0.020903518, -0.00564311, 0.0639392, 0.045262422, 0.022617368, -0.032336105, -0.015761258, -0.046076052, -0.048291754, 0.031044055, -0.019531026, 0.0404124, -0.012578245, -0.010613558, -0.06476816, 0.0050759246, -0.024063582, 0.031074109, 0.08036385, -0.058704566, -0.012661723, 0.043829, -0.050707325, -0.022891581, -0.026118912, 0.03217177, 0.06979419, -0.031442396, -0.022124643, 0.00600379, -0.059729937, 0.056598943, 0.037117552, 0.017002603, -0.05226048, -0.026401544, -0.010453367, -0.020550566, 0.02343613, -0.00096127886, 0.05993961, -0.025085036, 0.049936645, -0.035400122, -0.016200263, 0.051197067, -0.015967319, 0.010684164, 0.020794673, 0.026528856, -0.06774673, 0.044996403, -0.022096215, -0.006888077, 0.03371338, -0.026233321, 0.004218607, 0.020860035, -0.005067432, 0.027723366, -0.0007505757, -0.016710887, -0.01623993, 0.026086902, -0.045110762, -0.026620394, -0.08662332, -0.012143509, 0.011093097, 0.02867955, 0.047205526, 0.012178043, -0.007986331, 0.02836562, 0.013188637, -0.03823026, 0.07465188, 0.03431391, -0.056940578, -0.02325195, -0.02430814, 0.030557442, -0.01879221, 0.042039596, 0.024728721, 0.04992803, 0.017769512, 0.054890394, 0.024468873, 0.019100798, -0.041924775, -0.023849344, 0.021279687, 0.04966981, 0.022779403, 0.016077487, -0.009023138, 0.044000193, -0.006870535, 0.01162232, -0.039788045, -0.051443618, -0.0041957754, 0.015574952, -0.03574324, 0.050922405, -0.018794473, 0.029091222, 0.031594165, -0.03460875, 0.06185741, -0.0021503416, -0.01653381, -0.06307733, 0.047878888, -0.0016978013, -0.053997185, 0.007900389, -0.0030458362, 0.038528543, 0.030095031, 0.026332967, -0.017467624, 0.009347364, 0.04232519, 0.010844294, -0.029194567, -0.05860068, 0.018301455, -0.00039227525, 0.019779745, 0.010118619, -0.025303813, 0.05258971, 0.010616694, 0.020016532, 0.035519604, 0.0049555465, 0.007052157, 0.020102574, -0.013445639, 0.015925117, 0.05099286, 0.014266578, -0.028387435, -0.021391876, -0.023387497, -0.040982783, 0.033705615, -0.036073316, 0.034742404, 0.013749781, 0.024784543, 0.062796146, 0.03232738, -0.014027309, -0.044154186, -0.026638405, -0.03551675, -0.0130392, 0.042215317, -0.02320453, 0.019711286, 0.012109688, -0.04731307, -0.011593877, 0.044026267, 0.0023636678, -0.08505215, -0.033847574, 0.041835304, 0.005031088, -0.0315397, 0.006741273, 0.053431105, 0.04676923, -0.0110389395, 0.008293875, -0.0562849, -0.039402157, -0.011572277, -0.017590333, -0.018989263, 0.051431213, 0.018799672, 0.0009936097, -0.007753007, 0.0023769892, -0.028197864, 0.02831781, 0.01861753, 0.03717978, 0.07315369, 0.015590639, -0.02160797, 0.002053212, 0.016563477, 0.00547496, 0.013237371, -0.049342774, 0.028217053, 0.07358427, 0.013826188, 0.0362533, 0.005916593, 0.010776368, -0.03494752, -0.063924365, 0.0041121715, -0.020253804, -0.020290792, -0.095879376, 0.016823854, -0.018128747, 0.07970868, 0.048605632, -0.003821517, -0.0045235003, 0.031443596, -0.005183229, -0.06916499, 0.0714807, -0.01712413, -0.016736839, 0.006816272, 0.02162887, -0.06316487, -0.05162402, 0.023248645, 0.03088688, -0.039196465, 0.031834923, 0.05654339, -0.0067105144, 0.058611836, -0.053600714, -0.073595524, 0.021163331, 0.019454537, 0.013419938, 0.059467115, 0.024357123, -0.053625174, 0.017369185, 0.020559886, -0.03573755, 0.0580883, -0.008153679, -0.017479775, 0.0018603684, 0.025125816, 0.030688966, -0.01004169, 0.0010166148, -0.022709757, 0.037578024, 0.046463095, 0.012852753, -0.024651006, 0.015630493, 0.039553314, 0.014114225, 0.037088316, 0.0031003654, 0.0022843252, 0.05719758, 0.003956587, 0.027894871, -0.009287942, -0.023922304, -0.017932411, 0.033712372, 0.06303685, 0.0025551727, -0.02230317, 0.020732233, 0.021921283, -0.054455604, -0.023608865, -0.025402447, 0.05507208, -0.001577536, -0.048790924, -0.030602893, 0.042479884, 0.001681931, 0.0021360116, 0.007461957, 0.016494267, 0.06152914, -0.02049675, 0.03208371, 0.013996588, 0.008441474, 0.079697, -0.001103083, 0.0020367412, -0.054063376, 0.015633708, -0.002901855, -0.04920039, 0.016401624, -0.0008845833, 0.012360303, 0.077276014, -0.033136982, -0.016623305, 0.025616342, -0.042694196, 0.004990253, -0.035253942, -0.02771597, -0.019135138, 0.029160699, 0.045337703, 0.07905517, -0.03759679, -0.031782273, -0.040413193, 0.055870056, 0.023462767, 0.06631417, -0.053249974, 0.027654594, -0.02238189, 0.015401378, 0.049324878, 0.021271793, -0.020123618, 0.016223725, 0.043423764, -0.050602045, 0.0038091869, -0.024728626, 0.0049929596, 0.0453632, -0.0002990215, -0.037466407, -0.0045844926, -0.0024335382, -0.061376065, 0.0026415966, -0.07949445, -0.027949806, 0.026002724, -0.009171546, 0.0308339, 0.05343543, 0.03227024, 0.015624482, -0.06363704, 0.022873463, 0.053618036, -0.015547808, 0.019148976, 0.010134763, -0.022012556, 0.00952183, -0.030862108, 0.0065337, -0.0022182164, 0.01218038, -0.0122773545, 0.023603842, -0.037550308, -0.005192857, 0.06294761, -0.006595361, 0.007081578, -0.013013224, -0.04420728, -0.015257433, 0.03600716, 0.086075746, 0.060806893, -0.003116631, 0.009797344, -0.016452922, -0.0075805667, 0.013038695, -0.06266378, -0.021534596, 0.0035075832, 0.021511002, -0.029418314, 0.039831884, -0.035101816, -0.020870151, -0.04118868, -0.0048269397, -0.024982112, 0.0015055644, -0.012701119, -0.039558798, -0.022520596, 0.03037367, 0.008123586, 0.042205036, 0.025091695, -0.015983563, -0.04872633, -0.026797023, -0.011626969, -0.0397765, 0.03233999, -0.0018910168, -0.021148495, -0.022951644, 0.02213128, -0.0023408309, 0.0100452695, 0.00616893, -0.034546945, -0.054748118, -0.058991197, -0.031251106, -0.011822425, 0.037719432, 0.03510692, -0.047574673, -0.014479018, -0.007967142, -0.03255071, 0.031149019, -0.022756226, -0.033270665, 0.027996335, 0.026556287, -0.047430556, 0.03920642, 0.027352072, 0.0117398845, 0.04601113, -0.007846229, -0.011261849, -0.017906632, -0.027316792, -0.007642304, -0.07559608, -0.0044133062, -0.026609091, -0.023595963, 0.03167524, -0.016003024, -0.036569934, 0.040794674, 0.016874682, 0.03911287, -0.001183326, 0.03857305, -0.0078798495, 0.052598886, -0.006924729, -0.0024592949, -0.015107597, -0.0028274993, -0.030007739, 0.08657633, -0.009402103, 0.045107577, 0.008206171, -0.027667006, -0.015838057, -0.05645586, 0.032225702, -0.033873677, -0.024031844, -0.06209553, -0.01763517, -0.07637449, 0.036940247, -0.021067701, 0.039669197, 0.021469368, 0.020301115, 0.013789217, -0.043515593, -0.0017127764, 0.05015678, 0.03599992, -0.06435236, 0.061614692, 0.03837501, 0.07524822, -0.015912155, 0.05993349, 0.04171207, 0.034347232, -0.016776584, -0.012951412, -0.00675334, 0.02293976, 0.006648676, -0.035153765, -0.04012742, 0.01729007, 0.009712246, -0.014507366, 0.03560859, 0.022987649, -0.016545145, 0.0037322664, 0.010760041, -0.06290696, -0.005783953, 0.02081534, 0.019150687, 0.032954436, 0.006861188, 0.011071127, 0.06849352, 0.058062796, 0.0058935448, -0.017809454, 0.02417896, -0.061497867, 0.013677943, 0.013299617, -0.019402614, -0.0046930364, 0.017819516, 0.027218878, -0.031132566, 0.0425532, -0.032045085, -0.0667437, -0.01894494, -0.0016948823, -0.0764365, -0.026624728, 0.043434225, 0.025312759, -0.07322539, -0.08535474, 0.018669082, -0.0008210194, -0.011663199, 0.042338066, 0.0034105333, -0.0725532, -0.026827395, -0.0040477836, 0.022357443, -0.040586952, 0.040123556, -0.039719027, -0.04221473, -0.058628727, 0.042063028, -0.02020891, 0.019081691, -0.044747584, -0.06376328, -0.03980698, -0.02275592, 0.0038159196, -0.027380675, -0.02575685, -0.03063847, -0.025578082, -0.02753983, 0.00018397978, -0.05064514, 0.0024724284, -0.05906741, 0.024028806, -0.0078709675, -0.05248384, 0.060143065, -0.0058128657, 0.043710392, -0.0134467, -0.036689695, -0.069000944, 0.0007137934, -0.042618755, -0.0020713655, -0.035175376, 0.03981668, 0.0013655754, -0.10248268, -0.044899814, 0.05398006, 0.038452838, -0.054175235, -0.024614895, -0.007008444, -0.061006956, 0.027718497, -0.005511231, 0.045919336, 0.0068203956, 0.01638756, 0.10821608, 0.056142487, 0.00703905, 0.0018976784, 0.0005728818, -0.014481238, -0.0141622145, -0.0658578, -0.02164241, -0.025258737]"
kebijakan-keamanan-data-nasabah.pdf-2,"ang tidak dapat diubah.

Review akses dilakukan setiap 3 bulan oleh tim Information Security.
5. Prosedur Pelaporan Kebocoran Data
Setiap indikasi kebocoran data wajib dilaporkan ke tim Information Security dalam waktu maksimal 1 jam
sejak ditemukan. Notifikasi resmi ke nasabah dan regulator wajib dilakukan dalam 72 jam sejak insiden
dikonfirmasi.
",kebijakan-keamanan-data-nasabah.pdf,"[0.029559033, 0.03341217, -0.1627465, -0.023160461, 0.0129591385, 0.0029876423, 0.021745833, -0.00031805542, -0.008100603, -0.0019795669, 0.019849196, -0.005444224, 0.05342753, -0.04072185, -0.014045793, -0.02958554, 0.017000403, -0.0340051, -0.030759916, 0.026874041, 0.030490555, 0.013080885, -0.09973865, -0.05972242, 0.023105029, 0.008888555, 0.035155505, 0.006315259, -0.049768344, 0.0057438673, 0.05584919, -0.021099465, -0.022153003, 0.011157081, -0.047064837, -0.06639921, 0.040095817, -0.0123913055, -0.037314776, 0.009890469, 0.016430102, 0.022018522, 0.012580064, -0.032360487, 0.022346418, 0.04988449, 0.025376154, 0.04710556, 0.06603765, -0.03564768, -0.0016415161, -0.0068030404, 0.004440507, -0.02854434, 0.074483044, 0.058400787, -0.06367794, -0.010993014, -0.016933724, -0.04254863, 0.06434877, 0.04251243, -0.0658719, 0.0016029242, 0.03499659, -0.047540013, -0.019175736, 0.044942304, -0.012353985, -0.008028593, 0.057831533, -0.024015384, -0.0029049912, -0.03259176, 0.005965375, -0.021144876, -0.01908773, -0.065680146, -0.021156115, 0.038311172, 0.03339725, -0.036915872, 0.08559111, -0.02778621, 0.06978951, -0.029277414, -0.046782237, -0.014600577, -0.036812667, 0.030605497, -0.001462442, 0.0011980084, 0.022709714, -0.007439153, -0.023166304, 0.059679653, -0.0022949178, 0.0075257774, -0.004007655, -0.002743236, -0.004867242, -0.051037036, 0.0645488, 0.017269552, 0.029355437, 0.03241426, 0.0077831764, -0.01409913, -0.03586541, 0.0048661563, -0.015658729, 0.026991472, 0.022901837, -0.041565526, 0.034080062, -0.0064030727, 0.032930482, -0.00311718, 0.0036120284, 0.0072010923, -0.00529031, -0.026170492, -0.024247788, 0.02876941, 0.0583924, -0.03448838, -0.054171655, 0.031657565, 0.025037708, -0.05980038, -0.037734646, 0.0018996861, -0.046623293, -0.0074191918, 0.029686403, 0.021467863, 0.0002973559, -0.008320011, -0.009819887, 0.021926632, 0.07902427, 0.051643007, 0.013224001, -0.03768267, -0.0039230227, -0.031490084, 0.06374202, -0.017173953, -0.03521253, -0.017983574, -0.02534025, -0.017264336, -0.011802783, -0.010669215, 0.016884677, -0.023225931, 0.0033496916, 0.026968239, 0.03790493, 0.04146282, -0.0017854628, 0.046637986, 0.005917501, 0.11130959, 0.010062831, 0.02120147, -0.0064840196, 0.058114484, 0.05562412, 0.011466672, -0.054572713, -0.008498324, -0.025799572, -0.0172527, 0.06469048, -0.024973664, 0.037754744, -0.033234175, 0.0103352005, -0.03952869, -0.006940933, -0.028129678, 0.021341534, 0.055894993, -0.038364362, -0.00077445596, 0.06547407, -0.023079472, -0.019844567, -0.045006447, 0.026573459, 0.024830477, -0.04945221, -0.040416826, -0.012055209, -0.07508569, 0.10986306, 0.024934527, 0.033687357, -0.01962052, -0.04341622, 0.005224102, -0.018192882, 0.0072345687, -0.03692701, 0.045260817, -0.019231023, 0.020946953, -0.016159145, -0.0050591235, 0.014889285, -0.010699884, -0.011851252, 0.017008323, 0.036381572, -0.0672866, 0.037354533, -0.02939753, -0.04192017, 0.03441582, -0.0131406365, 0.015709125, -0.011616331, -0.020282086, 0.021442406, -0.053350173, -0.047825336, -0.036347363, 0.013698737, -0.030203456, -0.017775573, -0.08199372, 0.01976243, 0.028696101, -0.011129125, 0.04673426, 0.02584416, 0.02231312, 0.037670072, -0.0024351396, -0.020028712, 0.06464416, 0.016049646, -0.015991023, -0.024069894, 0.0072926176, 0.017874414, -0.053642202, 0.012115467, 0.026065001, 0.018724099, -0.01448028, 0.02762273, 0.015809037, -0.0067718206, -0.0958315, -0.027148923, -0.016731685, 0.032856192, -0.012654522, 0.007305899, -0.04551242, 0.04170776, -0.0022785347, 0.024268145, -0.0147167845, -0.010691778, 0.00954529, 0.033784237, -0.038738538, 0.042941533, 0.03205226, 0.027124366, 0.040948026, -0.013037626, 0.004574255, -0.009685333, -0.0014166959, -0.067632265, 0.016784357, -0.06805375, -0.016432157, -0.02672469, -0.008206261, 0.027028147, 0.018929351, 0.030814912, -0.025685098, -0.01979821, 0.028331613, 0.04889502, -0.024661163, 0.008638159, 0.024121461, 0.025355326, -0.0030816337, 0.007416366, -0.007844633, 0.037682932, -0.00059871323, 0.030342193, 0.027460564, 0.017374549, 0.039598376, 0.03680433, -0.065915436, 0.0073042167, 0.038299073, 0.044674784, 0.027357552, -0.03512909, -5.7757898e-05, -0.054846827, -0.0035802003, -0.018398095, 0.041438784, 0.026869956, 0.06050885, 0.04030932, 0.029495124, -0.005399403, -0.0040025995, -0.024065655, -0.033751838, 0.007505385, 0.030390887, -0.012492441, 0.020456623, -0.011015862, -0.029800769, -0.016127711, 0.016131371, 0.018191151, -0.07010537, -0.07672111, 0.010592103, 0.005918104, 0.003968334, 0.02794744, 0.03619623, 0.09967844, -0.043977298, -0.017630745, -0.063211806, -0.037895232, 0.024594717, -0.034249235, -0.02974346, 0.014515065, 0.05906694, 0.0055403584, 0.028613677, -0.034050133, 0.0339586, -0.0065141246, 0.026504314, -0.005970918, 0.06099214, -0.018775577, -0.006652638, 0.015102353, 0.019698445, 0.032361552, -0.008950958, -0.030714402, 0.022468735, 0.040666588, 0.0123791965, 0.049470372, 0.01751948, -0.02152949, -0.009613822, -0.031015966, -0.0027109445, 0.010618889, 0.01399132, -0.071377784, 0.0045011444, 0.016137896, 0.059304863, 0.051143564, -0.028390171, 0.0017772046, 0.025008455, 0.028456386, -0.043730743, 0.07719884, -0.029203873, -0.011350484, -0.00848259, 0.0032925883, -0.06598232, -0.03963786, 0.0468036, 0.037879683, -0.032221027, 0.008787234, 0.038012248, -0.03047605, 0.001648552, -0.03938013, -0.056939, -0.0064334096, -0.023542805, 0.006607588, 0.06416055, -0.0074218707, -0.034413345, 0.043793324, 0.010266031, 0.008729176, 0.02834587, -0.04749881, -0.017518906, -0.037636224, 0.02806183, 0.017099138, 0.0037322217, -0.014461992, 0.0016204265, 0.03433159, 0.05250754, -0.011380698, 0.03425729, -0.020826293, -0.00783874, 0.015861103, 0.051898528, 0.020518655, -0.012508737, 0.03560522, 0.037828296, -0.0067712357, -2.6848073e-05, -0.01239952, -0.019010013, 0.03915692, 0.019303188, -0.0032091253, -0.011323789, -0.011109551, 0.012824115, -0.045794994, -0.03851553, -0.0011295478, 0.08075058, -0.03268888, -0.027927091, -0.013576577, 0.061911315, 0.0050742123, -0.012661263, -0.015643165, -0.007929241, 0.048625138, 0.010027401, 0.015438557, 0.011331915, -0.029392676, 0.077473044, 0.016226929, 0.037155304, -0.0787169, 0.021519119, 0.012227526, -0.039080396, 0.04073042, 0.0015648543, 0.033186764, 0.09115505, -0.044678025, 0.029559392, 0.020071642, -0.06514377, 0.00315586, -0.0044729365, -0.03756437, -0.008365574, -0.016990203, 0.030444875, 0.028984753, -0.009138753, 0.011279576, -0.0371639, 0.049591463, -0.0019753682, 0.06491383, -0.015522788, 0.019252969, -0.03697698, 0.061244424, 0.062232997, 0.047861308, -0.0027089412, -0.013580603, -0.008277162, -0.032462616, -0.0065114596, -0.015104247, -0.024520632, 0.063721664, -0.015798857, -0.049339868, 0.020124296, 0.0061821267, -0.08992943, 0.024727954, -0.046522725, -0.03394448, -0.021579675, -0.028996477, 0.04524085, 0.041533783, 0.007572065, -0.014748081, -0.06825711, 0.026879502, 0.039709926, -0.008438035, 0.0068344367, -0.016146403, -0.021039085, 0.013617275, -0.0109678805, -0.030010525, 0.01215598, 0.017398644, -0.033924825, 0.026836205, -0.03376307, -4.5742604e-07, 0.051762138, -0.034088235, -0.002915945, -0.033219308, -0.043777347, -0.012425918, 0.0378989, 0.05442031, 0.05391852, 0.035395514, -0.019163117, -0.0025061367, -0.021118497, 0.024216795, -0.022394134, -0.055513293, -0.0015423117, -0.006843647, -0.034612216, 0.044787697, -0.05260751, -0.018644858, -0.05379621, 0.019429523, -0.027831564, 0.008209117, 0.0044457125, 0.016724834, -0.022386469, 0.013136326, -0.030242516, 0.042522326, -0.0071106497, 0.010316914, -0.030587217, -0.020541055, -0.022476591, -0.043825902, 0.060460187, -0.029528162, 0.011171274, -0.040840823, 0.010400718, -0.025873765, 0.027619971, 0.020416569, -0.018813796, -0.061491955, -0.07561294, 0.0012154945, 0.026931828, 0.07309696, -0.0020545365, -2.417283e-05, -0.008817772, -0.039198723, -0.038717754, -0.015710473, -0.033618137, -0.016220117, 0.028716432, 0.038117994, -0.019056577, 0.027672123, 0.0570121, 0.020629002, 0.02689055, -0.008898025, -0.0015529125, -0.009998542, -0.03921957, 0.0076171136, -0.054158013, -0.008337515, 0.008379724, -0.030563807, 0.033089772, -0.012497949, -0.068365954, 0.03623432, 0.008757277, 0.008068039, -0.006825985, 0.056591827, -0.013854249, 0.040437844, -0.026954126, -0.017633827, -0.025623512, -0.010413378, -0.035094164, 0.068948634, 0.0017524954, 0.031042805, 0.034698773, -0.031735104, -0.014569413, -0.007846021, 0.07439946, -0.030588817, -0.049019184, -0.019784056, -0.0031385308, -0.06241125, 0.025231244, -0.007602074, 0.03288999, 0.005044766, 0.011756703, 0.024149561, -0.035578027, 0.014234424, 0.042513363, 0.020347143, -0.033755083, 0.08639961, 0.06719623, 0.0575205, -0.019386375, 0.06552595, 0.057598587, 0.02446748, -0.011078907, 0.0047092307, -0.028915605, 0.027541347, -0.058413163, -0.053274393, -0.06306088, 0.024930961, 0.03291884, -0.037364822, 0.013321856, 0.04563711, 0.010010557, -0.005024256, -0.006275161, -0.05767491, -0.04289385, 0.04733082, 0.021202026, 0.02534539, -0.012125893, -0.005952526, 0.05760383, 0.06424716, -0.032689318, -0.01750364, 0.005720303, -0.074713394, -0.0053278673, 0.027130695, -0.01911544, -0.0032477663, 0.009008791, 0.0097589735, -0.065429576, 0.044110473, -0.039443154, -0.036960363, -0.038559858, 0.038304586, -0.06596842, -0.032390926, 0.040534943, 0.04719943, -0.06660102, -0.10597391, 0.01910068, -0.023367012, -0.0036683076, 0.03973607, 0.010414199, -0.083881296, 0.005062515, 0.00738748, 0.0134248575, -0.031981632, 0.046058886, -0.019814836, -0.035678003, -0.024058742, 0.037764322, -0.055177666, 0.021341516, -0.028139831, -0.013939863, -0.01769457, -0.023847837, 0.058296543, -0.033627972, -0.058939636, -0.020258056, -0.04093256, -0.02398875, 0.035535526, -0.006637386, 0.04511956, -0.06358691, 0.0014674003, -0.0044964575, -0.035928745, 0.04023369, -0.01906256, 0.07150534, -0.014317347, -0.056160223, -0.05878612, 0.0017789069, -0.030787576, 0.04042279, -0.009410985, 0.04198009, 0.015766945, -0.066738725, -0.07194598, 0.017497092, 0.06186684, -0.044458315, 0.00935397, -0.020163523, -0.036696795, 0.0449412, 0.029837647, 0.045281116, 0.0049978322, 0.0029560805, 0.09889022, 0.08713371, -0.01329582, 0.013103045, -0.010943405, -0.02385426, -0.01697844, -0.09789986, -0.031209532, -0.009159028]"
kebijakan-kerja-remote-wfh.pdf-0,"Kebijakan Kerja Remote (Work From Home) - PT Nusantara
 Finance
1. Tujuan dan Ruang Lingkup
Kebijakan ini mengatur ketentuan kerja jarak jauh (WFH) bagi karyawan divisi non-operasional cabang,
sebagai bagian dari fleksibilitas kerja perusahaan.
2. Ketentuan Umum

Karyawan yang memenuhi syarat dapat mengajukan WFH maksimal 2 hari per minggu.

WFH tidak berlaku untuk staff Customer Service cabang dan Teller yang wajib hadir fisik.

Karyawan wajib online dan responsif selama core hours pukul 10:",kebijakan-kerja-remote-wfh.pdf,"[-0.012848397, 0.008208472, -0.18941008, 0.0015934795, 0.012596085, -0.018092869, -0.0009738197, -0.07008665, -0.030417925, -0.032190096, -0.006960392, -0.032779463, 0.017483901, 0.008669246, -0.012650981, -0.0057693804, 0.04514572, -0.023063645, -0.06604877, 0.025558354, -0.04048782, -0.0057921354, -0.038710475, 0.008916497, 0.014327856, 0.002450589, 0.010959319, 0.04258339, -0.03300434, -0.024670552, 0.0037800774, 0.009505395, -0.042408258, -0.04480045, -0.020703208, -0.0096695535, 0.052883565, 0.040401287, -0.012829828, -0.025087174, -0.02290008, -0.030884132, 0.05599063, 0.013588366, 0.102647014, -0.023093442, 0.06527939, 0.086095706, 0.087311536, 0.006396529, -0.036726717, -0.04771894, 0.015867135, 0.01774885, 0.0009677152, -0.024380187, -0.035915438, 0.0391281, -0.0045093643, -0.027356701, 0.094076626, 0.079033695, -0.016557714, 0.066731505, 0.009342975, -0.014078518, 0.02161233, 0.03854484, 0.020001505, -0.01896188, 0.018886238, -0.0104251485, -0.014137612, 0.003185194, 0.045480035, -0.015914202, -0.042079438, -0.05893461, -0.02930776, 0.037861984, 0.03322679, -0.0395612, 0.051908154, -0.0025147297, 0.094227366, -0.015213676, -0.0057870913, -0.0006478467, -0.03664298, 0.08810747, -0.010384303, 0.005880036, 0.036284946, 0.003308152, -0.054885264, 0.010757114, -0.00018115893, 0.034204062, -0.02183862, -0.030316822, -0.01662392, 0.0071526035, 0.08138808, -0.008701739, 0.054911893, 0.03655924, 0.012864402, 0.062165137, -0.013379393, -0.010163462, 0.015125399, -0.0025152762, -0.00063677697, -0.029098451, 0.05430273, 0.0120498575, 0.00083155575, 0.0024295077, 0.052545164, 0.038413033, -0.03518931, -0.010744414, -0.008052409, 0.018001884, 0.040930044, 0.01819247, -0.07442503, 0.024749363, 0.014735363, -0.04998409, 0.022003636, 0.020899314, -0.040963706, -0.0071965056, -0.004471108, 0.043275204, -0.02913071, 0.014787202, 0.0013892461, 0.0077467454, 0.089739695, 0.017991709, 0.007820818, -0.055498194, -0.023401568, -0.034622896, 0.018272452, -0.06301419, 0.009236087, 0.0070752716, -0.010935443, -0.012619599, -0.051590547, 0.039193116, 0.040239226, -0.06300936, -0.03588702, 0.004596531, 0.0920178, 0.019898595, 0.041333474, -0.0114243, -0.018625474, 0.07481653, 0.04879976, -0.009970099, -0.022962684, 0.06285377, 0.036165673, 0.009777191, -0.05527695, -0.056601815, 0.004175185, -0.023607114, 0.051719792, 0.0051095295, 0.0014835333, -0.0039044064, -0.015736602, -0.0073050507, 0.014982827, -0.040338036, 0.02343425, 0.066534124, -0.06889812, -0.01847731, 0.001006445, -0.03247957, -0.0034134411, -0.039224215, 0.03230439, 4.85863e-07, -0.05715469, -0.0036125944, -0.062846035, -0.042508803, 0.052621245, 0.04428181, 0.025747389, -0.07356886, 0.019224666, 0.012852944, 0.037041757, -0.020021511, -0.00265786, 0.047389254, 0.016612343, 0.017330203, 0.0035824103, -0.01769833, 0.024570948, -0.03680076, -0.03054698, -0.029878177, 0.030432196, -0.007818704, 0.010607655, -0.018241642, -0.05606722, 0.025700191, 0.052934848, -0.031698197, 0.040955562, -0.024171546, 0.0013225268, 0.0031079627, -0.030886602, 0.01261739, 0.00764033, 0.016793448, -0.025170337, -0.110786, -0.0031634625, 0.05122225, 0.011358175, 0.013489188, 0.027351875, 0.044062696, 0.019889817, -0.0142258145, 0.033433404, 0.043762602, 0.006262583, 0.014295402, -0.059334237, -0.0035298741, -0.00890917, -0.06425187, 0.026021594, 0.012477435, 0.03399563, -0.028639259, 0.020169172, -0.025397763, -0.035589445, -0.045906115, -0.017673044, 0.013450021, 0.025781833, -0.01953917, 0.039531298, -0.0032763393, 0.051261865, -0.022488553, -0.0035028732, -0.041764103, -0.071587764, 0.049935993, 0.0016249721, -0.056234296, 0.033649962, 0.047189485, -0.0139331585, 0.06167497, 0.003759651, -0.001987826, 0.025592169, 0.005004519, -0.02184072, 0.048016064, -0.029217474, -0.0472818, -0.009227417, 0.03683418, -0.0007860964, -0.0014206371, -0.005372721, 0.0071361684, -0.013103916, 0.0071427952, 0.050025184, -0.014039724, 0.02415242, 0.03362063, -0.008292751, 0.013057958, 0.046811048, -0.0029504749, -0.011387635, 0.0016202498, 0.03097325, 0.033247676, 0.017134504, 0.054607403, -0.02805944, -0.048854075, 0.049260758, 0.04998492, 0.050763972, -0.005159683, -0.026883144, 0.011197109, 0.0077470886, -0.033294745, -0.025584815, -0.012855478, -0.022852305, 0.0422381, 0.02292201, 0.08061604, -0.034303535, 0.008439129, -0.024309192, -0.053616352, -0.0053657, 0.108122475, -0.05482881, 0.004567232, 0.015247492, -0.055610184, -0.027050568, 0.057802197, 0.05241425, -0.1018925, -0.04014679, 0.066118136, -0.016054612, 0.030209912, 0.01182415, 0.011622458, 0.044290192, -0.0076677385, -0.0008875454, -0.047239512, -0.055538, -0.02972831, -0.019598577, 1.3631733e-05, 0.03546558, 0.06941775, -0.005702599, -0.028043421, 0.00030432802, 0.044410963, 0.024463773, -0.03677419, -0.012816899, 0.062099144, -0.01585283, -0.0014873816, 0.02321431, -0.00656264, 0.051111523, -0.018826082, -0.066834874, -0.0077236434, 0.068044096, -0.022560038, 0.054109354, -0.0041267285, -0.00010597642, -0.02281841, -0.048555017, -0.025353309, 0.028978758, 0.010619989, -0.0526085, -0.051914737, 0.02224946, 0.07179316, 0.020961372, -0.034053486, 0.038045708, 0.06095522, 0.06626514, -0.030730756, 0.01426942, -0.04027419, 0.0058882236, 0.009792902, -0.004934021, -0.07496618, -0.02955553, 0.021361789, 0.049901973, 0.013485444, 0.059443146, -0.003959331, 0.071376674, 0.034049314, -0.044953976, -0.04450964, -0.030062243, -0.033079047, 0.030214079, 0.032086078, -0.008934908, -0.036146823, 0.0076596597, -0.0041887155, -0.01393961, 0.016423374, -0.012776014, -0.021238886, 0.016020559, -0.028234651, 0.035009094, 0.004148824, 0.020141087, -0.0028638402, 0.0133437365, 0.07471596, 0.028128041, -0.018378159, 0.032665025, 0.013082085, 0.00089198095, 0.01455585, 0.004702374, -0.017349899, 0.03344249, 0.017129837, 0.03030792, -0.015577052, -0.020649372, -0.020844063, -0.024156738, 0.046357412, 0.03156261, -0.0132544795, 0.014493446, 0.009915445, -0.061016943, -0.0097410055, 0.0077475077, 0.058644865, -0.008015543, -0.04790008, -0.014823882, 0.000997567, 0.015407887, 0.04178831, -0.021403631, 0.0049621784, 0.034726918, -0.022961048, 0.012641501, -0.015354264, 0.008169064, 0.037378997, -0.009136346, 0.0061840676, -0.023546578, -0.0010942938, -0.0040568123, -0.01731192, 0.0102213975, -0.007944156, 0.010901095, 0.038201828, -0.04740451, 0.012622621, 0.09455342, -0.029838275, -0.030836241, -0.012603902, -0.0003181818, -0.013887843, 0.009423006, 0.044686314, 0.04090951, -0.012110017, -0.0071332594, -0.03832122, -0.011181319, -0.023886746, 0.05899639, -0.008639167, 0.04063118, -0.046240617, -0.0004161492, 0.023015896, -0.015419209, -0.0095794825, 0.012252618, 0.0048110024, -0.030356597, 0.026498914, 0.034738846, -0.004186323, 0.008214901, -0.00415005, -0.046900515, -0.0099332165, 0.035459075, -0.06751906, -0.0027204035, -0.04922018, -0.023559786, 0.025995616, -0.031909782, 0.0020298874, 0.0037762362, -0.005663891, 0.06628273, -0.016134849, 0.025246125, -0.0166839, -0.03064146, 0.06391275, 0.022952192, -0.029019848, -0.0026565539, -0.062192198, -0.06939532, -0.0047859848, 0.0012667528, -0.010390791, 0.023873452, 0.012946702, 0.02484279, 0.08131095, -0.055351652, -0.022567036, -0.008971802, -0.014008456, -0.008509467, 0.011040849, 0.009816713, 0.025543418, 0.006622768, 0.018511921, 0.030777179, -0.008775812, -0.021294896, -0.021526253, -0.0003390592, -0.042582247, 0.022390326, 0.011019817, 0.04871322, -0.016778653, -0.02923369, -0.02560527, 0.04223984, -0.019424833, -0.0016404099, 0.003212196, -0.03744173, -0.041499753, 0.007450575, 0.0036752361, 0.04889966, 0.0053628543, 0.048765272, -0.014951557, -0.016683223, 0.0012802467, -0.04202977, 0.0011154206, -0.042421333, -0.009755942, -0.049791966, -0.016234875, 0.0014460378, 0.010019973, 0.025110072, -0.008978791, -0.042096898, -0.015594372, -0.014885216, 0.009595278, 0.04804264, 0.035310585, -0.010364956, -0.014159683, -0.011488628, -0.060757916, 0.0067496244, -0.026971443, -0.034288067, 0.049988713, 0.07192894, -0.035734247, 0.034875352, -0.0010836467, 0.031928614, 0.016208945, -0.039330516, -0.05733729, -0.081133924, -0.035786156, 0.02108764, -0.031910937, 0.005925415, 0.035987906, -0.054822505, 0.0113502005, -0.0143789705, -0.03820887, 0.020894809, 0.040090993, -0.016210256, -0.004820263, 0.00225577, 0.017236808, 0.05774198, 0.0005379124, 0.016144117, -0.06707868, 0.0071728076, -0.06203764, 0.1003259, -0.012622491, 0.056608588, 0.030331027, -0.035224214, -0.027349953, -0.026618231, 0.040667348, -0.0013314353, -0.021995278, -0.047229506, -0.006889134, -0.07030664, 0.028386062, 0.021563185, 0.015398326, -0.003082168, 0.038084894, 0.009596019, -0.0036525698, 0.024700345, 0.014764249, 0.03751145, -0.03920761, 0.04156417, -0.0055819405, 0.007973316, 0.025149528, 0.09135533, 0.05270671, 0.03592301, -0.03486655, -0.017379843, -0.018102117, 0.014855025, -0.052100893, -0.07065428, -0.047837134, 0.024554092, 0.052785564, -0.051154543, 0.028339097, 0.055505622, 0.026746348, -0.032373495, 0.0021660475, -0.12685339, -0.0416899, 0.0074816234, 0.038010713, -0.00037298616, -0.017226266, 0.017563837, 0.033744052, 0.04701095, 0.01823183, -0.019850163, -0.0074427905, -0.027087616, -0.0036623243, 0.023310687, 0.015818996, 0.029618008, 0.0045139506, 0.09454731, -0.025745334, 0.053765364, -0.08663815, -0.030570656, -0.008955641, 0.0020892604, -0.052654017, 0.0025931057, -0.00031680858, 0.023761481, -0.038658082, -0.053035576, 0.037997108, -0.011127483, -0.00788178, 0.013549567, 0.014970556, -0.02217518, -0.022365434, -0.022197962, -0.0075499476, -0.051147163, -0.033442084, 0.022959715, -0.009480109, -0.005798086, 0.05254634, 0.013392204, -0.033955388, -0.030961903, 0.009744945, -0.011964065, -0.014775651, 0.06514046, -0.028089099, -0.03467623, -0.015890772, -0.06633755, -0.030905351, -0.0006904678, -0.02527197, -0.012369084, -0.02748738, -0.020265887, -0.017125852, -0.07659566, 0.04525398, 0.0029899015, -0.008697196, -0.03810918, -0.040007066, -0.052092947, -0.026014535, -0.03059141, 0.03647334, -0.0060803895, 0.041644525, -0.021414682, -0.08531764, -0.024474338, 0.010887039, 0.037088465, -0.010101242, 0.0036827424, -0.004450918, -0.063233905, 0.01245118, 0.05379046, -0.02732069, -0.01828068, 0.018877544, 0.093215115, 0.0005253826, -0.0055427086, -0.026643734, -0.003547013, -0.027245529, 0.020488592, -0.020061858, -0.025286661, -0.041656565]"
kebijakan-kerja-remote-wfh.pdf-1,"b online dan responsif selama core hours pukul 10:00-15:00 waktu setempat.
3. Prosedur Pengajuan
Pengajuan WFH dilakukan melalui sistem HRIS minimal H-1 (satu hari kerja) sebelumnya, dengan
persetujuan atasan langsung. Pengajuan mendadak karena kondisi tertentu (cuaca ekstrem, gangguan
transportasi) dapat disetujui langsung oleh atasan tanpa proses sistem.
4. Kewajiban Karyawan Selama WFH

Menggunakan VPN perusahaan untuk mengakses sistem internal.

Menjaga kerahasiaan data nasabah sesuai kebi",kebijakan-kerja-remote-wfh.pdf,"[-0.012735748, 0.011147219, -0.18123691, -0.00019447041, 0.06581921, 0.0018914776, -0.006646941, -0.057563793, -0.04334158, -0.002733793, 0.01893982, -0.00858821, 0.017797306, 0.012884914, -0.019828556, 0.0016621563, -0.007739052, -0.038892157, -0.09538145, 0.009961827, -0.008276097, -0.023425415, -0.091269165, -0.018413793, 0.02438871, 0.024713395, 0.027279139, 0.029982157, -0.037858687, -0.040794984, 0.0018333553, -0.016766703, -0.016118106, -0.037802614, -0.03529592, -0.04393943, 0.006002438, 0.0035934593, -0.00071125006, -0.021944854, 0.0089355875, -0.071634755, 0.07659907, 0.004257223, 0.044921253, 0.017309887, 0.029337075, 0.046587203, 0.081379205, -0.03665627, -7.457246e-05, -0.024110718, -0.018581994, -0.04075323, 0.05132358, 0.0020988777, -0.042811904, 0.016856989, 0.0020221698, 0.0023741322, 0.11062737, 0.08793165, -0.0476666, 0.059277292, 0.03708518, -0.026876802, -0.006580185, 0.045619357, 0.028929505, -0.001024682, 0.055379413, -0.039224293, -0.03851281, -0.0018047779, 0.018469691, -0.012919573, -0.046573523, -0.079384856, -0.00021067864, 0.075618595, 0.029818684, -0.005191289, 0.0686006, -0.04100184, 0.05764106, -0.0045270026, -0.027090862, 0.0012043269, 2.6816602e-05, 0.035402723, -0.008968302, 0.018223938, 0.00065217295, -0.0038852575, -0.02305429, 0.044839296, 0.017253177, 0.061165933, -0.046737246, 0.0076389345, -0.013387314, -0.034863133, 0.03991934, -0.022521406, 0.020753456, 0.051881984, 0.032013264, 0.053496964, -0.034204617, -0.0025400182, -0.009411037, -0.018719705, -0.029927462, -0.008378786, 0.040005192, -0.020016272, 0.025617063, -0.0058662505, 0.047496792, -0.009823033, -0.016868152, -0.0031981547, -0.035536475, 0.057389326, 0.04547092, 0.01787833, -0.074515566, 0.005061784, -0.008644032, -0.040695403, -0.010352965, 0.019397639, -0.06571604, 0.0030076946, 0.024643244, 0.021989387, -0.008213007, -0.0015002718, -0.0028512236, 0.0445205, 0.056406103, 0.057263017, -0.004171041, -0.09200791, -0.04521614, -0.023426648, 0.04519759, -0.0740346, 0.011416378, 0.020003328, -0.04954948, 0.02884667, 0.0055384585, 0.059518952, -0.0027853607, -0.061788913, -0.009299089, -9.310826e-05, 0.028680544, 0.05162104, 0.0033910142, 0.027488997, -0.03381876, 0.09738968, 0.012211822, -0.008805408, -0.0386769, 0.054111496, 0.07818018, -0.009039312, -0.06428957, -0.044186696, -0.0036645508, -0.00940744, 0.041273776, -0.022646194, 0.04677292, -0.018319366, -0.0007583635, -0.012231916, -0.007643167, -0.020323075, 0.030139424, 0.07049861, -0.061968412, 0.006441906, 0.017372044, -0.050170854, -0.01135759, -0.019538948, -0.008856431, 0.042993426, -0.013523269, -0.016126508, -0.020404752, -0.061646, 0.06327849, 0.04906885, 0.027429737, -0.06935908, -0.004773421, -0.028131947, 0.03481342, 0.0047788885, 0.04268167, 0.031007938, -0.009985082, 0.044062305, 0.0008388912, 0.015604958, 0.049173526, -0.005246886, -0.014067056, -0.014794927, 0.046147604, -0.029440645, -0.024326567, -0.0020070344, -0.041289337, 0.051995542, 0.05241847, -0.028361201, 0.020678658, -0.052042563, 0.0032658952, 0.0007282441, 0.015053912, -0.019001696, -0.010724312, 0.0105898455, -0.0023633547, -0.121995464, -0.0040714894, 0.014727451, -0.005792049, 0.039798174, -0.013540019, 0.008926564, 0.021716766, -0.012766532, 0.012545481, 0.0384968, -0.0118619455, 0.0004403963, -0.028782226, -0.032110687, -0.007769336, -0.05372666, -0.018896583, 0.039626937, 0.022009421, -0.015117856, 0.038735196, 0.008801515, 0.00091511663, -0.056247428, -0.027209494, 0.024144689, 0.026477776, -0.03991317, 0.03786326, -0.006151561, 0.02457714, -0.01835644, 0.018600535, -0.03843188, -0.051987197, 0.020986399, -0.011105391, -0.042486772, 0.045749642, 0.017629119, 0.002053066, 0.0600483, -0.020584235, 0.01768907, 0.014943819, 0.0024814135, -0.059155572, 0.058747094, -0.04084489, -0.05787374, 0.008021224, -0.019148834, -0.037093394, -0.025329107, 0.033126995, 0.019345699, -0.006596044, 0.00962185, 0.041146126, -0.0014724681, -0.030853918, 0.04364353, 0.01319482, 0.015636472, 0.072891176, -0.020732507, 0.021071471, 0.0049292715, 0.024412775, 0.0067358706, 0.03356346, 0.05137055, 0.00091673166, -0.058410745, 0.03855921, 0.026015105, -0.014782928, -0.007823136, -0.021177309, 0.003413543, -0.01646258, -0.0019736823, -0.008401958, 0.003845984, -0.025381548, 0.032918423, -0.008434487, 0.05750504, -0.0033026098, -0.0031574068, -0.035115555, -0.05966086, 0.010261451, 0.08013303, -0.025096966, 0.01691168, 0.04677157, -0.012986772, -0.028640838, 0.015234745, 0.045143083, -0.08903034, -0.009543278, 0.031711753, -0.010730635, 0.034400996, 0.00015874265, 0.033647887, 0.032359105, -0.047249567, -0.0012989898, -0.021208625, -0.048752673, -0.047663234, -0.015595644, -0.026942141, 0.01981191, 0.046600234, -0.02758622, 0.015067462, -0.024991894, 0.012508587, 0.0097121475, -0.008628925, -0.027340561, 0.084942065, 0.013542881, -0.020514285, -0.005599149, -0.013347639, 0.050587066, 0.023211077, -0.042505145, 0.017678656, 0.040338337, -0.0016825439, 0.03678563, -0.020554993, -0.010709741, -0.007489658, -0.008918801, 0.005729743, 0.017689839, 0.012098148, -0.032699153, -0.019976476, -0.006149846, 0.06456032, 0.051097516, -0.051767495, 0.03292365, 0.03365232, 0.0465855, -0.06771433, 0.034053113, -0.04194916, -0.029758615, 0.039376132, 0.011227167, -0.116591886, -0.048343476, 0.016162066, 0.033599693, 0.024498282, 0.03850163, 0.007208104, -0.0043483013, 0.045166977, -0.004546059, -0.04101527, -0.013222162, -0.01447675, 0.032629065, 0.036294978, -0.017693678, -0.032956224, 0.026942087, 0.020134067, 0.0040776087, 0.036645852, -0.00858927, -0.029312398, -0.002190075, 0.0015005926, 0.024023635, -0.019282265, -0.01461217, -0.0037322575, 0.03626209, 0.05102972, 0.0016733535, -0.038080677, -0.009706229, -0.028952677, 0.027854852, 0.04943157, -0.01352859, 0.0054901564, 0.023922466, 0.010857439, 0.015904093, -0.04373602, 0.01338875, -0.010015471, 0.053564336, 0.069649875, 0.010809379, -0.028390432, 0.023249492, 0.037934344, -0.04915233, -0.04362321, -0.014227869, 0.09868173, -0.0062065846, -0.057440672, 0.0014427893, -0.01343554, 0.08087751, 0.020803163, 0.014826026, 0.02378641, 0.045864604, -0.028226443, -0.0070725493, -0.005668816, 0.039880935, 0.050830465, -0.012357002, 0.030898495, -0.05120509, 0.023952266, 0.008147399, -0.0065234406, 0.0046676984, 0.021073231, -0.0065528755, 0.04119103, -0.04152422, -0.018609049, 0.071415335, -0.02602062, -0.0054491134, 0.039787546, -0.00753944, 0.010083902, 0.022949796, 0.06276587, 0.057517987, -0.05059417, -0.027986215, -0.03368723, -0.01616531, 0.026893985, 0.06492211, -0.0035663578, 0.01293396, -0.028019788, -0.026810775, 0.046965282, 0.029879877, 0.02663051, 0.013548059, -0.027242718, -0.04327923, -0.014072534, -0.0024788103, -0.0035352188, -0.0042796046, -0.0278158, -0.022810534, 0.015441819, 0.014396427, -0.048717767, -0.0038598871, -0.061812386, -0.03120875, -0.01315812, -0.014631706, 0.030316507, 0.007897736, -0.006621376, -0.0048475475, -0.02715617, 0.011998038, 0.038390566, 0.0010726468, 0.06472833, 0.0042340527, -0.002795455, 0.024612151, 0.0032651608, -0.053559855, -0.022836942, 0.017531082, -0.044455897, 0.048009112, -0.047058728, 0.016196879, 0.06606715, -0.037526187, -0.0023109831, -0.012433336, -0.014127821, -0.028572975, 0.022774294, 0.07579539, 0.0063354247, -0.011460501, 0.00040135012, 0.0041390127, -0.020456081, 0.0006847874, -0.03833247, -0.00034884558, -0.03617588, -0.0072941007, -0.03376378, 0.011375909, -0.067307524, -0.026549885, -0.045114826, 0.02500533, -0.037267532, 0.004027794, 0.013147736, 0.022050641, -0.055737488, 0.060073607, 0.017179353, 0.0122166695, 0.021523058, 0.05353358, -0.056375224, -0.033248916, -0.015565624, -0.043162983, 0.04010189, -0.04446097, -0.0032535526, -0.023669286, -0.028040646, 0.0062030703, -0.01906246, 0.013579275, -0.03648451, -0.06620446, -0.04747544, -0.006780075, -0.045021992, 0.03428475, 0.045925353, 0.01996798, -0.022360278, -0.0011461652, -0.054433674, 0.026004022, -0.031828634, -0.027352553, 0.0637456, 0.04777308, -0.0029930861, 0.03832753, 0.036263596, 0.024480632, 0.015378673, -0.049151313, 0.0086635705, -0.03359371, 0.003887641, -0.01073429, -0.05779106, -0.001774174, 0.04885247, -0.026997378, 0.016351864, 0.012493017, -0.026642932, 0.02443697, 0.018176861, -0.0056485883, 0.008976144, 0.043795872, -0.009234792, 0.03457794, -0.04080024, 0.045410465, -0.0434279, 0.023864893, -0.052810684, 0.10771083, -0.014737761, 0.0279791, 0.0043871263, -0.035293326, -0.041084442, -0.024154296, 0.053269487, -0.025103481, -0.05606132, -0.028130712, -0.021761708, -0.073769815, 0.016847923, 0.020014359, 0.024122471, -0.0004685609, 0.031231033, 0.07900948, -0.027355846, 0.037136573, 0.030468287, 0.02937982, -0.033635855, 0.027010724, 0.030170197, 0.0630266, -0.03573444, 0.07610028, 0.0584333, 0.048701774, -0.0002281153, -0.0011700763, -0.024979748, -0.008277933, -0.034870654, -0.028520696, -0.047054205, -0.008245102, 0.042441264, -0.056688126, 0.02678941, 0.036186546, 0.008902047, -0.02451353, 0.012980678, -0.10025703, -0.037249126, 0.016113937, 0.08854002, 0.029268822, -0.027249943, 0.034774292, 0.014269679, 0.05949884, 0.0007237291, -0.031242799, -0.01689751, -0.045140807, -0.00075850333, 0.036473982, 0.0050743376, 0.027592264, -0.046867065, 0.008561811, -0.019436814, 0.026919017, -0.03861783, -0.037888087, -0.011769089, -0.0062755416, -0.05649686, -0.024746755, 0.058699418, 0.0132136475, -0.044007126, -0.036136553, -0.008274308, -0.04050061, -0.021946391, 0.06220717, 0.03879163, -0.03685392, -0.002545002, -0.055706955, -0.0074944664, -0.04070533, -0.0353577, -0.03182753, -0.014811962, -0.00824832, 0.0311182, 0.0056645833, -0.0025673842, -0.01829204, -0.019587414, -0.04457219, -0.006996545, 0.07877461, -0.033970937, -0.032098673, -0.043443672, -0.027778657, -0.015168095, 0.0089933695, -0.054626927, 0.002080775, -0.035900548, -0.010551666, -0.05176566, -0.025183067, 0.031874232, 0.005373533, 0.04345267, -0.04424367, -0.037725773, -0.06152872, -0.014415013, -0.041016135, 0.040571343, -0.026307438, 0.030692501, 0.028583229, -0.027349273, -0.017973872, 0.030817885, 0.069957346, -0.030109825, 0.011277739, 0.032137945, -0.014988137, 0.0067133186, 0.008875432, 0.03125653, -0.00545091, 0.013802719, 0.09685313, 0.037647657, 0.019018294, 0.00045423553, 0.006252598, 0.014592209, -0.004942218, -0.035745483, -0.004931694, -0.04270261]"
kebijakan-kerja-remote-wfh.pdf-2,"al.

Menjaga kerahasiaan data nasabah sesuai kebijakan keamanan data.

Melaporkan progres kerja harian ke atasan langsung.

Menghadiri meeting virtual sesuai jadwal yang ditentukan.
5. Evaluasi dan Sanksi
Produktivitas selama WFH akan dievaluasi setiap bulan oleh atasan langsung. Pelanggaran berulang
terhadap ketentuan WFH (tidak responsif, keterlambatan laporan) dapat menyebabkan pencabutan hak
WFH selama 3 bulan.
",kebijakan-kerja-remote-wfh.pdf,"[0.03546162, 0.044831004, -0.18984817, -0.04798281, 0.050605036, 0.005047872, 0.016612763, -0.05019151, -0.043427635, 0.024542697, 0.041342728, -0.015304616, 0.062545225, 0.05453692, 0.0073106196, 0.008711391, -0.024872897, -0.061348144, -0.10071609, 0.022813909, -0.010401068, 0.0071143424, -0.10137957, -0.009456631, 0.0070869057, 0.01915114, 0.009950805, 0.040249377, -0.021637034, -0.0016585711, 0.010506217, 0.01617691, -0.019709257, -0.0041408334, -0.040494923, -0.042241227, 0.016459832, 0.028995285, 0.04401442, -0.04762232, -0.027739396, 0.0010650832, 0.07738898, -0.0460954, 0.032808412, 0.020440603, 0.023707492, 0.044126235, 0.09042975, -0.0017874952, -0.011657622, 0.003369536, 0.00017584774, 0.01721177, 0.048181575, 0.014755488, -0.05066957, -0.0074836276, 0.014080017, -0.031293403, 0.08319525, 0.06477641, -0.051188637, 0.047730766, 0.05448472, -0.05417253, -0.016345879, 0.039769113, -0.020493386, -0.018788671, 0.057598986, -0.009423483, 0.017173296, 0.016398821, 0.00050040585, 0.027081152, 0.0016733541, -0.04943856, -0.042975873, 0.054219034, 0.041267317, -0.038134336, 0.08090309, -0.030602878, 0.04834497, -0.04418056, -0.029744793, -0.003603051, -0.017295912, 0.0340315, 0.023896936, 0.018469378, 0.022667527, 0.02735492, -0.08159172, 0.048777573, -0.010834408, 0.017755887, -0.047926858, -0.015113458, 0.0020458624, -0.015854351, 0.061223768, 0.0030267797, 0.037777435, 0.025347862, 0.0087328935, 0.018273033, -0.05766603, 0.0047322125, -0.025047181, -0.04621344, -0.027676681, -0.040334538, 0.04508916, -0.036982436, 0.014616398, 0.008319228, -0.02113435, 0.018633122, 0.0023988404, -0.0513103, -0.039143007, 0.016219953, 0.0104512125, -0.021692825, -0.05456949, -0.0015268052, 0.024560088, -0.011510641, 0.015620423, -0.012256629, -0.074391246, 0.012586362, 0.037035845, 0.044928513, -0.019590499, 0.035612326, 0.0154351415, 0.022965072, 0.054367393, 0.025278725, 0.013662463, -0.0734291, -0.020047234, -0.058418408, 0.081321605, -0.027446171, 0.0025495454, -0.0072932513, -0.025339384, 0.011662746, -0.030950394, 0.033254877, 0.026363008, -0.06330355, -0.05708114, 0.024396295, 0.052409593, 0.012959664, 0.018715514, 0.0067901774, -0.0058781877, 0.054530933, 0.020996379, 0.0053049764, 0.021651182, 0.039980832, 0.07735234, 0.028426344, -0.0884722, -0.033950333, 0.01719968, -0.030495465, 0.06508497, -0.054259807, 0.048546348, -0.00071115576, -0.034054503, -0.01582216, -0.014314089, -0.047450833, 0.031582072, 0.015719654, -0.05095564, -0.005709494, 0.022656115, -0.019409528, -0.024669996, -0.03672477, 0.011450317, 0.06409477, -0.048610132, -0.05503353, -0.026260579, -0.08181077, 0.048060473, 0.03363311, 0.03475691, -0.049707618, -0.02516794, 0.01307654, -0.016171616, 0.054636985, -0.027587572, 0.035776798, -0.022481157, -0.00986115, -0.033549335, 0.00645826, 0.03391071, 0.017664019, 0.0076392046, -0.016775422, 0.031820327, -0.008714082, -0.0012248099, -0.026295807, -0.06489994, 0.026493382, 0.027282229, -0.004636419, -0.013268444, -0.021139791, 0.03430899, -0.018527465, -0.030145103, -0.041837372, -0.022969194, -0.012517834, -0.010254207, -0.103660144, 0.0017075139, 0.018310683, -0.0053055906, 0.059411123, -0.0017386401, 0.062013403, 0.03934137, 0.03724149, -0.017535307, 0.027979359, 0.0032634034, -0.018419782, -0.0038839309, -0.01725997, 0.0036215268, -0.03724157, 0.02869364, 0.047988668, 0.013753502, -0.01616703, 0.04303649, 0.0030162323, 0.012736081, -0.022712411, -0.03935562, 0.03340634, 0.053119823, -0.0048886375, 0.0010978509, -0.008659813, 0.06299836, 0.0032978319, 0.033762913, -0.02932375, -0.041958116, 0.008506958, -0.011942428, -0.057293553, 0.040843762, -0.013432498, 0.023038264, 0.028873468, -0.020988507, 0.0513867, 0.031074053, -0.030642254, -0.029116532, 0.01979862, -0.061253745, -0.056639664, 0.0114430245, 0.028054595, -0.0047359606, 0.015339297, 0.03939924, -0.012141105, -0.002018454, 0.026236119, 0.02149128, -0.018018307, -0.0427507, -0.0009256508, 0.035373602, 0.029489905, 0.03184767, -0.01959075, 0.0454935, -0.012276927, 0.032031994, 0.013094985, -0.0006929078, 0.035437293, 0.04131925, -0.051590253, 0.048633765, 0.042669453, 0.023031015, -0.03304782, -0.030988118, -0.005750403, -0.062339157, -0.019976363, -0.04918154, 0.0044992124, 0.032759763, 0.032573715, 0.021933464, 0.02990141, -0.015985912, -0.03570237, -0.024015456, -0.05176789, 0.0151544325, 0.10314935, -0.012449215, 0.015261726, 0.035918795, -0.042426612, -0.011092941, 0.017791383, 0.015973177, -0.083139434, -0.0047950856, 0.02049595, -0.022672348, 0.0041856575, -0.0044838474, 0.04269706, 0.033080697, -0.0154564325, 0.019077178, -0.044746995, -0.011827544, 0.004098942, -0.0015770635, -0.014693495, 0.061598178, 0.03464162, 0.013292845, 0.010875359, -0.0019033075, -0.032908764, 0.01648062, 0.021906102, 0.039144147, 0.045398466, -0.0083495695, -0.040361747, -0.018188728, 0.018889617, 0.029803522, 0.016759994, -0.060741264, 0.015386858, 0.051623832, 0.006403118, 0.03874305, 0.0018395288, -0.01052282, -0.029983116, -0.040878583, 0.022651544, -0.020632923, 0.0031906962, -0.07495011, -0.0013512291, -0.009835441, 0.06662209, 0.07712436, 0.0034619991, 0.024484204, 0.028959645, 0.009936639, -0.08386372, 0.01050945, -0.033829495, 0.0028432184, 0.01673452, 0.03637575, -0.09845109, -0.029137053, 0.017206244, 0.04005996, -0.0087155625, 0.008958628, 0.016359508, 0.03146605, 0.05777432, -0.025298202, -0.051131546, 0.0019991952, -0.0014566076, 0.051109854, 0.017559355, -0.020193625, -0.06463076, 0.015755028, 0.020610344, -0.0012576149, 0.044788122, -0.01706101, -0.03136712, -0.023587393, -0.01300148, 0.021880966, -0.019219086, 0.0058968007, 0.021312753, 0.031710826, 0.053291995, 0.02401727, -0.01468386, 0.021324884, 0.007569896, 0.010253986, 0.033119455, -0.010247991, -0.016767135, 0.06780502, 0.009086063, 0.010450147, -0.022684852, -0.012110719, 0.012954702, -0.0044028605, 0.04336993, -0.0004150491, -0.017885178, 0.019812008, 0.031325515, -0.04256274, -0.037469886, -0.022540113, 0.07623593, -0.014302604, -0.035405736, -0.030619409, 0.020905158, 0.013228716, -0.0024863165, -0.018574536, 0.014240891, 0.055819713, -0.019172449, 0.0021319664, -0.009843525, 0.0028363578, 0.06723251, 0.0029342778, 0.0024519635, -0.039862104, 0.007950103, 0.034660976, -0.024122473, 0.01983143, -0.04213496, 0.006341099, 0.050185487, -0.041262433, -0.0037474516, 0.06211549, -0.01148477, -0.03867306, 0.014127033, -0.029086439, -0.052036397, 0.055235866, 0.033978257, 0.053891294, -0.011334075, -0.0014054173, -0.057320587, 0.006951379, 0.025212243, 0.070739254, -0.0042135776, 0.0222887, -0.017905343, 0.004875743, 0.0072385105, 0.019012548, 0.024002276, 0.023548655, -0.022039264, -0.04459721, -0.00085046946, 0.0058637056, 0.01447488, 0.03757314, -0.030218443, -0.04289929, -0.029189127, 0.027223613, -0.04752724, 0.041913766, -0.09262881, -0.029175503, 0.00079941883, -0.011261293, 0.013043556, 0.04139644, -0.026635261, 0.040858813, -0.035191987, 0.061911866, 0.004438191, -0.020836765, 0.05194766, 0.014017732, -0.021262264, -0.007217095, -0.051053826, -0.04720473, -0.02553396, 0.022160692, -0.025532626, 0.0052535827, -0.0028522874, 0.0056660105, 0.05742446, -0.028358335, 0.003998987, -0.05315103, -0.039305154, -0.0041775038, -0.010892012, 0.070824765, 0.06268989, 0.0013921891, 0.0056977603, 0.002508354, -0.011870651, 0.056421682, -0.02519819, -5.9790324e-05, -0.009465113, -0.0014361268, -0.005510745, 0.012474403, -0.012399701, -0.007051816, -0.023074089, 0.012431394, -0.037566785, -0.01876011, -0.043487053, -0.0118843885, -0.041332547, 0.021963103, 0.004966971, 0.04684892, 0.013855401, 0.022238579, -0.0008494382, -0.011308513, -0.012957618, -0.051405236, 0.04309817, -0.048557054, 0.0042677196, -0.01744504, 0.0003336242, 0.02683488, -0.00028886367, 0.052270308, -0.044644285, -0.038906056, -0.0636712, 0.015739469, -0.043801535, 0.025516605, 0.035477787, 0.035361826, -0.009796579, -0.026482759, -0.040043805, 0.031738084, -0.05193818, -0.011576014, 0.051543772, 0.06885333, 0.0023492519, 0.014457185, -0.0017559908, -0.0017631577, 0.0119710695, -0.033737563, -0.007221786, -0.02528214, -0.0071922564, -0.038111795, -0.056401454, -0.01923292, -0.016715618, -0.010887577, 0.027234552, -0.009531978, -0.06940002, 0.03328123, 0.029859083, 0.015697096, -0.010542332, 0.05176729, -0.0058670305, 0.08535302, -0.07350453, 0.012700248, -0.040769834, -0.009506963, -0.06533435, 0.06670246, 0.0021391162, 0.04447984, 0.0026840598, -0.055969898, -0.02380033, -0.022675708, 0.08041652, -0.022488998, -0.030888885, -0.043143775, -0.00021074107, -0.09549577, 0.016765982, 0.0018309538, 0.032574564, 0.032589037, 0.017793916, 0.03251312, -0.029505868, 0.02803058, 0.057048574, 0.05446264, -0.024461634, 0.022532709, 0.021470256, 0.027826114, -0.024154907, 0.092130445, 0.074160516, 0.048667386, -0.0067253937, -0.013001189, 0.016741991, -0.00052076037, -0.025605593, -0.017830998, -0.031122876, -0.01907715, 0.03515495, -0.02966056, 0.015343159, 0.04935622, -0.03341992, -0.025370117, 0.01488258, -0.048859507, -0.05631365, 0.029602624, 0.008904894, 0.021368802, -0.0061524105, 0.012558496, 0.02933245, 0.057812154, 0.032759845, -0.039734297, 0.007973722, -0.04064174, 0.008025944, 0.033546545, -0.022256505, -0.0028102426, -0.020728134, 0.0036296134, -0.04204407, 0.013542442, -0.053418156, -0.046085026, -0.042840213, -0.0229545, -0.089167945, -0.021629144, 0.048721455, 0.017096303, -0.04321344, -0.0570189, 0.06926138, 0.0024339398, -0.027626872, 0.036767926, 0.025259804, -0.041220665, 0.0037941402, -0.010896881, 0.001499776, -0.043598358, -0.017033337, 0.017068062, -0.0063418564, -0.039030887, 0.063333035, -0.024651216, 0.021104053, -0.011879349, -0.020604283, -0.00013291957, -0.014150746, 0.029905433, -0.021942139, -0.02042573, -0.056188267, -0.007130445, -0.009283227, -0.017792441, -0.030878568, 0.0073458133, -0.013783404, -0.010523172, -0.016992757, -0.03119149, 0.04324236, 0.012965471, 0.03305936, -0.030555196, -0.022907214, -0.062041942, 0.0012564098, -0.037729338, 0.049617693, -0.013713097, 0.040352624, -0.017619966, -0.06964044, -0.06314039, 0.059891205, 0.050998073, 0.008335125, -0.018175274, -0.00046467377, -0.070234075, 0.009365082, 0.0072830175, 0.012993087, -0.005547661, 0.025047563, 0.11880284, 0.058902953, -0.005002115, -0.03128895, 0.019660925, 0.019052304, 0.016286176, -0.025581334, -0.03152161, -0.039533716]"
sop-pengajuan-kredit.md-0,# SOP Pengajuan Kredit - PT Nusantara Finance,sop-pengajuan-kredit.md,"[0.029655728, 0.054140035, -0.19232917, -0.019140624, 0.030949594, -0.0064785522, -0.017314143, -0.033108335, 0.013956017, -0.026174003, 0.023038732, 0.0037059663, 0.014427739, -0.024383435, 0.026491445, -0.016556522, 0.018381475, -0.019908534, -0.046045687, 0.04461973, -0.055855498, 0.01783072, -0.03952824, -0.0013548421, 0.1095729, 0.042802576, -0.03925414, 0.002812673, -0.0046295696, -0.029527377, 0.03000381, -0.03391363, -0.033125885, -0.013658734, 0.010846568, -0.06568087, 0.096845224, 0.027113175, -0.009516351, -0.078394294, -0.009206689, -0.017234957, 0.025192574, -0.035951227, 0.059837133, 0.0029521685, 0.052954335, 0.040027734, 0.025523107, -0.013812771, -0.042168424, 0.0047311718, -0.010944164, -0.0036395437, -0.0501937, 0.058539398, 0.002748745, 0.033922367, -0.060760174, 0.007215048, 0.058189552, 0.061357975, 0.012824964, 0.035487864, 0.06305189, -0.041257627, -0.009662029, 0.02794238, 0.0134610385, 0.016338417, 0.030616982, 0.027524887, 0.0015591581, 0.02676017, 0.025882056, -0.011753883, -0.019847026, -0.019389708, -0.02790598, 0.0359865, 0.028684163, -0.041294597, 0.061771285, 0.020955456, 0.06785487, -0.016124723, -0.02456314, -0.0069944966, -0.046663724, 0.06623181, -0.023970272, -0.0108972145, 0.0244948, 0.03498045, -0.054762036, 0.020878026, -7.344018e-05, 0.035390213, -0.028478995, -0.050847623, -0.013662642, 0.013593686, 0.048141867, 0.0056677083, 0.035781357, 0.04911139, -0.026220389, 0.040909067, 0.009579781, -0.022861058, -0.003354978, 0.021893816, 0.0025856153, -0.025709007, 0.017467892, 0.01996575, 0.014789204, -0.0044091297, 0.016400782, 0.052266527, -0.02986931, 0.0009288016, 0.033178266, 0.06276368, 0.031297013, 0.030239845, -0.06898883, 0.049455434, 0.0741856, -0.03693089, 0.026224254, -0.039460637, -0.028240236, -0.03633834, 0.055469435, 0.05451153, -0.053006776, 0.014207057, 0.014872033, 0.004814911, 0.08290838, -0.04132974, 0.03318938, 0.018824095, -0.01482108, -0.052413967, 0.0710245, -0.009900005, -0.029200377, 0.024722205, 0.0040059886, -0.005926072, -0.046129473, 0.01622342, 0.027112048, -0.081089005, 0.00243382, -0.018722596, 0.05966906, 0.019604044, 0.012695014, -0.015292425, -0.0026040636, 0.07409391, -0.0011746055, -0.06762282, -0.0031130917, 0.09143581, 0.011844267, 0.052593127, -0.04948556, -0.039165262, -0.009296884, -0.035620578, 0.042046003, 0.0126129715, -0.0034071119, -0.0036309143, -0.012364583, 0.023512503, 0.004995173, -0.034308918, 0.051888153, 0.050084554, -0.046593975, -0.030483421, 0.004651712, -0.018209219, -0.011634473, -0.049035802, -0.031674348, 0.0587784, -0.055497818, -0.0035294583, -0.028119983, -0.02005478, 0.04180932, 0.029813504, 0.02432085, -0.05543603, 0.042088345, 0.0012735691, -0.031749997, -0.03055271, -0.009772136, 0.02722762, -0.017173292, 0.050968282, -0.0011281451, 0.044927847, 0.05383101, -0.042159267, -0.049013346, -0.010738499, 0.026281405, -0.027975554, 0.032230165, -0.01749731, -0.027713748, 0.0166142, 0.053273007, -0.019310717, -0.016994664, -0.0072122207, 0.002689717, -0.011995141, -0.04313446, -0.00081365515, -0.006420642, 0.007886435, -0.063530765, -0.07748759, -0.0023485066, 0.040197343, 0.016103454, 0.007746805, 0.00980751, 0.06631267, -0.003925425, -0.0016921902, 0.014004896, 0.071537554, -0.016439158, -0.01024627, -0.021164231, 0.04563419, -0.013464605, -0.027885688, 0.028189199, 0.028994646, 0.038682155, -0.030537585, 0.030808473, -0.00298531, 0.015762689, -0.03938279, -0.048830736, -0.0027986467, 0.03943427, -0.008454209, 0.03603159, 0.0007714278, 0.050873004, -0.03557783, 0.018956961, 0.0047658724, -0.046613794, 0.017445462, 0.02186026, -0.017545847, 0.018132439, 0.038889714, 0.046592537, 0.030646132, -0.011051052, -0.0050576953, 0.010814235, -0.03464914, -0.08518746, 0.058333967, -0.048943937, 0.006226903, -0.0064945333, 0.0020610795, -0.049239554, 0.0068237265, 0.042760443, -0.0028861465, 0.0076754917, 0.021626236, 0.061667513, -0.02364918, 0.0027086968, 0.04609526, -0.0041094753, 0.014387419, 0.07740821, -0.053606603, -0.00810445, -0.022628916, 0.025136152, 0.03901334, 0.018478772, 0.060749367, 0.0033934028, -0.027005004, 0.06821896, 0.019422352, 0.019943228, -0.016995227, -0.031548318, 0.017173532, 0.02279401, 0.008178821, -0.058056027, -0.004687689, 0.008010145, 0.031969666, 0.02382076, 0.038766038, -0.00042377287, -0.0336611, -0.004661592, -0.03592983, -0.043858062, 0.033965643, -0.02668029, 0.016507208, 0.03262851, -0.078184195, -0.0448062, 0.036970988, 0.033140495, -0.040474262, -0.04711554, 0.069099866, -0.024407635, 0.0360682, -0.006456717, 0.02289579, 0.02640949, -0.008062817, 0.024755532, -0.062049147, -0.036879122, 0.0009677729, 0.0005855277, -0.021388207, 0.042491835, 0.05798343, -0.040646974, -0.03508884, -0.01060735, 0.02362368, 0.019883152, -0.024357896, 0.028467039, 0.03862125, -0.013041405, -0.01963944, 0.026108187, -0.049900863, 0.027946768, 0.05049784, -0.05312197, 0.010785303, 0.038122654, -0.077916175, 0.035855725, 0.031430747, 0.0010097007, -0.005440046, -0.02271295, 0.02536725, -0.012264723, -0.015306646, -0.08304323, -0.019946137, 0.006019387, 0.026496995, 0.03590777, -0.034745563, 0.03251477, 0.058111977, 0.014655996, -0.0031125406, -0.014946467, -0.042589184, 0.015813204, 0.00034694892, 0.00333295, -0.058034126, -0.033709403, -0.016255777, 0.043532543, -0.009274119, 0.050986882, -0.0114560295, 0.03242592, 0.038428176, -0.058275376, -0.064192265, -0.01383541, -0.075946175, 0.011352756, 0.0409874, -0.016950076, -0.06540133, 0.022398619, -0.038556416, -0.012423594, 0.049520463, 0.016709067, -0.018836528, 0.013302839, -0.0022820926, -0.00023123693, 0.002892846, 0.016959747, 0.019930715, 0.04648408, 0.027844472, 0.021189777, -0.010923474, 0.025119312, -0.013207516, 0.0014167487, 0.040239133, 0.009801555, -0.042717725, 0.009502645, 0.05675118, 0.028155837, -0.0124904895, -0.015484498, -0.0102523025, -0.019756349, 0.011150971, -0.0031577477, 0.026787989, 0.022672562, -0.020305397, -0.04907673, -0.0037848142, 0.021574879, 0.07332668, 0.039046362, -0.053459134, -0.037990555, 0.008947116, 0.003948185, 0.028298933, -0.044463027, 0.018111797, 0.034599833, -0.024115095, -0.06983781, -0.007069673, -0.010489194, 0.053457458, -0.028664563, 0.01077659, -0.055331632, -0.051516872, 0.025561756, -0.01865641, 0.019437248, -0.009158864, 0.0145820845, 0.049050607, -0.058830243, -0.0074135866, 0.045830347, -0.0754793, -0.02047617, -0.042896457, -0.0044725076, -0.011167921, 0.00014367289, 0.011467231, 0.049452316, 0.031349435, -0.02551729, -0.045217086, 0.009214481, 0.050780665, 0.04896253, -0.040916875, 0.016639806, -0.053987302, -0.007888217, 0.009977122, 0.01200921, 0.018156383, 0.0122319, 0.03205432, -0.03423137, 0.01594217, 0.044322964, 0.022405747, 0.017013285, 0.03063846, -0.038583677, -0.03228361, 0.051984403, -0.04451259, 0.027426263, -0.02809886, -0.044972226, 0.013917904, -0.02535623, -0.0031818668, 0.021962324, -0.02565007, 0.02828853, -0.034466095, 0.031536967, -0.04642757, -0.016752198, 0.02539352, -0.018076293, -0.022106506, -0.03156284, -0.042104892, -0.0020574932, 0.00082858437, -0.002267369, 0.004963481, 0.01018703, -0.016243493, 0.014727328, 0.014204444, -0.0359048, -0.006777384, -0.005479085, -0.025810465, 0.011335386, -0.0010062702, 0.031626936, 0.011908057, 0.031299163, 0.011489021, -0.012269477, 0.0012962657, 0.012217543, -0.017909795, -0.03698953, -0.017692586, 0.0010124574, -0.08982186, 0.0765286, -0.033879843, -0.016478295, -0.02438219, 0.029602788, -0.037537303, 0.0025220783, -0.007474774, -0.05580741, -0.020962937, -0.003917746, -0.016063673, 0.063161545, -0.0020049834, 0.028721849, -0.010723059, -0.024521455, -0.04446032, 0.017619668, -0.030018423, -0.047938008, 0.015123435, -0.024859795, -0.023739543, -0.009767523, 0.009357895, 0.02398748, 0.037368454, -0.03824981, -0.03410452, 0.026117543, 0.024851749, 0.060636517, 0.030275311, -0.051238358, -0.015586289, -6.845587e-06, -0.0878582, 0.013107844, 0.006060375, -0.03621659, 0.050760195, 0.0082427, -0.022196984, 0.028333817, 0.026755614, 0.010253299, 0.01401527, -0.015578684, -0.027287405, -0.07520366, -0.02093825, 0.019631771, -0.06308645, -0.043737497, 0.014146129, -0.025504848, 0.03585862, -0.022350643, 0.03721946, 0.04376993, 0.0031876876, -0.032070644, -0.012242892, 0.02457938, 0.006385092, 0.05736641, 0.018981362, -0.024303764, -0.09174875, 0.0070550563, -0.021466406, 0.061469313, -0.0034885367, 0.05277528, -0.018399535, -0.06807456, -0.016058547, -0.033217557, 0.05748169, 0.012097336, 0.0136353765, -0.057746716, -0.049789682, -0.042194113, 0.03997034, -0.008174705, 0.062234044, 0.018468896, 0.038817525, 0.014421336, 0.0037118103, 0.010852752, 0.012682291, 0.028114533, -0.03544475, 0.041214187, 0.012987961, 0.013181052, -0.009142061, 0.101777196, 0.052867156, 0.0328641, -0.047238443, -0.0013990497, -0.04868988, 0.042032648, -0.076388314, -0.032899197, -0.0476186, 0.003161827, 0.0021282858, -0.056440372, -0.023680963, 0.013358422, 0.009734122, -0.010268024, -0.008671545, -0.0980766, -0.034585293, 0.0037688732, 0.010218849, -0.039115064, 0.0104144635, -0.028178692, 0.04726607, 0.05346759, 0.043878447, -0.009533058, 0.009626605, 0.03567725, 0.005726383, 0.05011101, -0.012243209, 0.023889456, -0.035953954, 0.08134558, -0.025368437, 0.036862694, -0.052162975, -0.008626846, -0.0066548404, -0.015477361, -0.019892672, 0.007833897, -0.0098342085, -0.0074978396, -0.024911571, -0.079741366, 0.043988362, -0.015017408, 0.010657291, -0.0047282213, 0.037234325, -0.04702044, -0.038191687, 0.022421451, 0.003748074, -0.03824741, -0.008339951, 0.02679401, -0.048326015, 0.026765428, 0.10384998, 0.07427928, 0.010418997, -0.038994078, -0.053175017, -0.024943503, 0.00016731831, 0.065916, 0.009113374, -0.028146515, -0.06596775, -0.03227005, -0.032129534, -0.02310067, -0.03543127, 0.024140358, -0.016057285, -0.0066112466, 0.0012551333, -0.061389755, 0.02945057, 0.01357836, -0.023437044, -0.026869984, -0.034997683, -0.046584368, -0.020514207, -0.051361, -0.00149725, 0.010167838, 0.05749188, -0.020228606, -0.012416502, -0.02916616, 0.021982871, 0.057773206, 0.0029279192, -0.02550805, 0.0006884731, -0.00013342028, 0.04678361, 0.050803844, 0.025547791, -0.055842943, 0.045126006, 0.09074605, 0.024799416, 0.007299393, 0.003150211, 0.009080051, -0.028535018, 0.013342014, -0.030895697, -0.050753325, -0.04902974]"
sop-pengajuan-kredit.md-1,"## 1. Tujuan dan Ruang Lingkup

Prosedur ini mengatur ketentuan pengajuan kredit dari nasabah perorangan maupun badan usaha kepada PT Nusantara Finance. Proses ini berlaku untuk semua jenis kredit termasuk Kredit Konsumsi, Kredit Modal Kerja, dan Kredit Pemilikan Rumah.",sop-pengajuan-kredit.md,"[0.008724224, 0.033175115, -0.17292126, -0.018183116, 0.02985947, -0.010911239, -0.0033801582, -0.031837475, -0.002894743, -0.030106794, 0.0073935105, -0.014106317, 0.015609068, -0.0029984403, 0.021564404, -0.049949333, 0.02252234, -0.049232803, -0.056482766, 0.06354958, -0.07492385, 0.035876572, -0.082765676, -0.012949211, 0.07280266, 0.022889316, -0.014612387, -0.012734937, -0.02706615, -0.059758354, 0.035540584, -0.04550538, -0.044292763, -0.01925016, -0.012795837, -0.070673294, 0.12227146, 0.03257947, -0.010577516, -0.059875604, -0.017716093, 0.002548166, 0.039381437, -0.023932775, 0.065479204, 0.0021000581, 0.052631397, 0.03674491, 0.034833718, 0.016342107, 0.00027281756, -0.005701458, 0.015247571, -0.016715921, -0.044376966, 0.06354286, -0.03135031, 0.027838828, -0.007976731, 0.007429067, 0.070275575, 0.042232372, -0.024890903, 0.020597951, 0.02105823, -0.052428883, -0.025284503, 0.055809468, 0.0089913765, 0.0071860347, 0.025438227, 0.010867476, 0.01816566, -0.0012372666, 0.02938, -0.0015018922, -0.01836508, -0.033567294, 0.014223151, 0.025614973, 0.01628055, -0.026021088, 0.091585584, 0.024365619, 0.09274261, 0.0156803, -0.02899235, 0.010025888, -0.041035727, 0.0780986, 0.0041410136, -0.02813477, 0.020318847, 0.04265982, -0.0598461, -0.01857512, -0.025650242, 0.014021, -0.021848176, -0.03335226, -0.02954307, -0.0052867807, 0.08164177, 0.022419492, 0.073534995, 0.050924387, -0.019156273, 0.045774203, 0.006672878, -0.01228406, -0.017288145, 0.007801317, 0.0006359937, -0.046382237, 0.00829726, 0.042711735, 0.002423076, 0.02218917, 0.014202234, 0.058393423, -0.057239935, 0.014260575, 0.01140629, 0.042561106, 0.02409769, -0.0057837632, -0.082668394, 0.03245127, 0.065817975, -0.018426983, 6.327751e-05, -0.008478163, -0.015729466, -0.03521455, 0.029489655, 0.032020967, -0.022156382, 0.03960945, -0.015237907, 0.002170379, 0.079011925, -0.058394093, 0.0063048927, 0.013240748, -0.035923027, -0.059885208, 0.06673004, -0.015687272, -0.028941397, 0.018780634, 0.021765947, -0.017734338, -0.038335565, 0.020339748, 0.034326553, -0.026139466, 0.00039590854, -0.034122728, 0.037290394, 0.008755441, 0.0285412, 0.013692039, 0.0095612705, 0.083364375, 0.00061128155, -0.03498165, -0.0039892835, 0.06818874, 0.04168, 0.026964685, -0.064937666, -0.04885557, -0.014993114, -0.0070894235, 0.06356189, -0.0011083125, 0.021956787, -0.015043545, -0.025161995, -0.008287837, -0.020718362, -0.04234716, 0.017469862, 0.059516035, -0.04732426, -0.022102453, 0.005859837, -0.03585486, -0.0384336, -0.034957804, -0.01894508, 0.038087822, -0.03332562, -0.022913251, -0.020834496, -0.039256625, 0.061772265, 0.035307862, 0.009971066, -0.048662063, 0.03075909, -0.015734715, -0.013136059, -0.041699313, -0.012311094, 0.0404548, 0.0069096806, 0.07060611, -0.002658738, 0.016498743, 0.061348803, -0.021109607, -0.039894972, -0.004853724, 0.03356233, -0.034613207, 0.028253332, -0.008484169, -0.032443512, 0.02182572, 0.026181981, -0.021563537, -0.020934535, -0.028928913, 0.0062630777, 0.03224182, -0.031874552, -0.008681304, -0.0034153543, 0.00029785812, -0.064088285, -0.070163496, 0.00046622564, 0.050479278, -0.0009920249, -0.0017928455, 0.029608162, 0.038524125, 0.019537326, -0.016408369, -0.020480357, 0.06690105, 0.0054824743, -0.025167359, -0.027945044, 0.0019698525, -0.016156657, -0.045999125, 0.031116925, 0.033451688, 0.031801607, -0.027390776, 0.0321119, 0.005838986, -0.0030807918, -0.023894351, -0.038534563, 0.02399174, 0.020591935, -0.005262131, 0.04464216, -0.020071505, 0.03530656, -0.038594205, -0.030880718, -0.010782832, -0.07070859, 0.02219183, 0.010903148, -0.020151444, 4.8237107e-05, 0.027283598, 0.016281866, 0.02999296, -0.00596461, -0.019056542, 0.02514956, -0.033392925, -0.0918935, 0.066781886, -0.03570782, -0.011982426, -0.01895575, -0.0016082021, -0.03625219, 0.043619923, -0.002719071, -0.007954728, 0.009805391, 0.027830496, 0.040200815, 0.0037578056, 0.0053373748, 0.051246397, 0.01238508, -0.01037616, 0.053397104, -0.025863007, -0.0030246673, -0.04835844, 0.02586935, 0.03740828, 0.039692942, 0.06460001, -0.02270723, -0.006282894, 0.049580645, 0.0310801, 0.04829266, -0.0040021036, -0.030541282, 0.033164307, -0.008225639, -0.0024556085, -0.051936377, 0.023449108, -0.002914685, 0.05768531, 0.029755382, 0.067817695, -0.0058482424, -0.022061838, 0.011224122, -0.03515612, -0.029895324, 0.056226853, -0.016408749, 0.0029197407, 0.040531814, -0.052427273, -0.026150191, 0.046739027, 0.031660765, -0.072490826, -0.0286867, 0.07321493, -0.0059421747, 0.048818532, -0.008117883, 0.01378303, 0.05883464, -0.014177693, 0.029890105, -0.055596087, -0.016408112, -0.011216294, -0.007908206, -0.021501612, 0.02042065, 0.06259994, -0.02420928, -0.042265348, -0.015379248, 0.029611489, -0.0006733289, -0.010013452, 0.015888918, 0.04809398, -0.006097596, -0.0032301228, 0.046545085, -0.029586513, 0.019802133, 0.023653068, -0.027788935, 0.020434206, 0.058893595, -0.06730902, 0.020862503, 0.014420917, -0.007501404, 0.02226071, -0.022517847, -0.0045011416, 0.01552705, -0.0050674006, -0.047406655, -0.012329472, 0.014896952, 0.02420888, 0.026537398, -0.017260851, 0.029215233, 0.07421162, 0.02269346, -0.01422584, -0.009059879, -0.046799116, 0.01951734, -0.008495011, -0.030700209, -0.03813148, -0.04012155, 0.0038905803, 0.021043686, -0.0022037975, 0.066931814, 0.0009147122, 0.032519758, 0.0240052, -0.07382552, -0.048469122, -0.016992182, -0.0689989, 0.022029215, 0.04383971, -0.0022704266, -0.07474045, 0.015031749, -0.024316702, -0.00576669, 0.04044278, -0.015743995, -0.011926619, 0.012940963, -0.032301914, -0.0063670813, 0.008246623, 0.025291968, 0.022764137, 0.048990857, 0.06947157, -0.011294507, -0.002941352, 0.01750322, 0.013072209, 0.021562805, 0.046462204, 0.026324548, -0.034518577, 0.033791017, 0.03594827, 0.013386165, -0.029705686, -0.005794406, -0.029585866, -0.019250233, 0.04647956, 0.017581228, -0.006440579, 0.026088938, 0.00037040524, -0.046636507, 0.0024778282, 0.029027259, 0.04765329, 0.015961226, -0.05455432, -0.035790507, 0.021463232, 0.003185349, 0.03600949, -0.031595364, 0.013133444, 0.02972061, -0.03293918, -0.050813265, -0.04309881, 0.0076320623, 0.058968373, 0.014041549, 0.06212565, -0.032130178, -0.02606949, 0.014976562, -0.04362619, 0.05053531, 0.0010500381, 0.0003977632, 0.07044151, -0.053196274, 0.0025145558, 0.052404962, -0.065272965, 0.0071956674, -0.030376283, -0.016973263, -0.022076512, 0.00089779205, 0.024234088, 0.047396377, 0.00021983645, -0.04580877, -0.034980632, 0.012994651, -0.009060272, 0.064570904, -0.029953763, 0.050398886, -0.027730875, 0.013975459, 0.031257045, 0.036374338, 0.021548597, -0.0011638126, 0.018050093, -0.02936557, 0.034676835, 0.035068102, 0.019065065, 0.0505798, 0.0006752268, -0.021587783, -0.039895028, 0.05411038, -0.04503986, 0.037520956, -0.053532653, -0.049300034, -0.0020252985, -0.03210585, 0.021324223, 0.01283659, -0.027765315, 0.013174253, -0.041614022, 0.037535366, -0.017168634, -0.014844999, 0.062172435, -0.020961491, -0.022280086, -0.025446884, -0.054568976, -0.003265268, 0.0114306295, 0.006018603, -0.024261776, 0.047810633, -0.007056624, 0.010819668, 0.031203037, -0.018851688, 0.0110064205, 0.008054798, -0.029845802, 0.0011015784, 0.0054396093, 0.03715076, 0.036552314, 0.032811746, 0.012052932, 0.0011960082, -0.008145201, 0.003728181, -0.01315709, 0.0015713897, -0.01005742, 0.0124077955, -0.09481454, 0.06608231, -0.046863794, -0.020799441, -0.038502824, 0.02023622, -0.031560123, -0.021600347, -0.030054843, -0.04941181, -0.04141363, -0.0022676967, -0.020676523, 0.065125786, 0.014211503, 0.050437126, -0.04445171, -0.037829526, -0.04561226, 0.021622544, -0.024487691, -0.016959313, -0.01521746, -0.025861794, -0.042779896, 0.010347541, 0.0074121673, 0.009889522, 0.041767552, -0.036655735, -0.018806284, 0.011826698, 0.027057117, 0.023435997, 0.022036297, -0.041063096, -0.014225606, 0.011025899, -0.09990488, -0.010235131, -0.013695939, -0.0117689455, 0.0264888, 0.014827149, -0.030727884, 0.024866464, 0.018754033, 0.009274833, 0.0035153197, -0.03093684, -0.032130245, -0.05269496, -0.02378813, -0.009757423, -0.054754466, -0.010634374, -0.014390183, -0.021518353, 0.023913596, 0.0067541683, 0.027846117, 0.055528257, 0.042140126, -0.0016570914, -0.01765848, -0.0032726314, 0.024114579, 0.054871697, 0.007767111, -0.0075616087, -0.06934989, 0.021379145, -0.013624849, 0.09030985, 0.00669663, 0.04480719, -0.009840898, -0.08228908, -0.021887032, -0.028432986, 0.026528431, -0.010185543, -0.005998897, -0.029126937, -0.041053344, -0.0403782, 0.04490397, -0.013555072, 0.049974844, 0.0028774187, 0.045067266, 0.025544178, -0.026098765, 0.03518546, 0.025053794, 0.051088523, -0.03604438, 0.044254113, 0.043457877, 0.0063691703, -0.010402547, 0.095260076, 0.044402618, 0.023925688, -0.022420067, -0.035807267, -0.033068202, 0.016930616, -0.05790035, -0.034898218, -0.043252405, 0.005314971, 0.050105795, -0.037509784, -0.002049012, 0.019886676, -0.0045381985, 3.4167886e-05, 0.00061246386, -0.0902754, -0.021597002, 0.012499461, 0.0014532213, -0.024398025, 0.021473179, -0.02061096, 0.061849464, 0.056651887, 0.024755275, -0.002838401, 0.011287928, -0.02865808, 0.010849983, 0.045553192, -0.045980744, -0.00378527, -0.0066896407, 0.10982893, -0.040044256, 0.02062763, -0.06656665, -0.018630998, -0.011578072, 0.02606986, -0.03097906, -0.0004903936, -0.0031597908, -0.02063938, -0.022886265, -0.06915788, 0.017858908, -0.030741936, 0.011339612, 0.023539927, 0.041627392, -0.06375273, -0.034432102, 0.026568282, 0.008927592, -0.05163334, -0.007267283, 0.00810902, -0.04960355, -0.017777212, 0.07780197, 0.034722816, -0.020121261, -0.03218199, -0.056314792, -0.017735414, 0.015422911, 0.05105989, 0.011665855, -0.020392941, -0.06431262, -0.03924361, -0.043403823, -0.005004726, -0.030119993, -0.03034305, -0.01941179, -0.036947113, -0.0063811303, -0.065108076, 0.0076407213, 0.013876953, 0.0019100719, -0.03396332, -0.048316963, -0.050072897, -0.015732888, -0.04849467, 0.013626916, 0.00096767914, 0.091523185, -0.032251853, -0.03770735, -0.036294267, 0.05185355, 0.037686422, -0.0028823703, -0.014726878, -0.0031820335, -0.015327685, 0.041029666, 0.06120665, 0.022975475, -0.055888828, 0.053111345, 0.07582504, -0.0011490099, -0.0018345969, -0.0032940595, -9.285963e-05, -0.055081446, 0.018387362, -0.019046748, -0.07572173, -0.08036775]"
sop-pengajuan-kredit.md-2,## 2. Syarat dan Ketentuan Pengajuan Kredit,sop-pengajuan-kredit.md,"[0.036828957, 0.004467173, -0.17586069, -0.011879278, 0.024552515, -0.011402083, -0.0010772034, -0.024681043, -0.02392279, -0.011644429, 0.0031929228, 0.048279565, 0.007895967, -0.031291418, 0.045883194, -0.032650836, 0.022263752, -0.01730044, -0.056848302, 0.069731474, -0.059797302, 0.037696887, -0.057874076, -0.03039095, 0.07619125, 0.05252537, 0.005420306, 0.0206097, -0.019017063, -0.049142454, -0.0042804093, -0.05263764, -0.024918288, -0.034496557, -0.004080667, -0.05193074, 0.07950523, 0.044662867, -0.005635861, -0.07105147, -0.03909607, 0.005559268, 0.03381344, -0.04584739, 0.005594795, 0.015266264, 0.043306474, 0.030959072, 0.03869008, -0.026576908, -0.0034944129, 0.00031172327, 0.0070501263, -0.017412137, -0.023027672, 0.09369418, -0.034218308, -0.006622448, -0.009342937, -0.02226687, 0.0678913, 0.09222193, -0.0053919954, 0.025023928, 0.0302902, -0.06434156, -0.0070411577, 0.06514168, -0.011946579, 0.010590318, 0.039132178, -0.011205168, 0.045076795, -9.212165e-05, -0.005100836, -0.03053178, -0.0011482482, -0.018167876, 0.006443519, 0.03479625, 0.019243464, -0.01996144, 0.090873, 0.017960558, 0.061450455, 0.017907366, -0.048746895, -0.022697773, -0.029276013, 0.059412148, -0.0009152556, -0.023456527, 0.036189463, 0.041829247, -0.067916974, 0.013262457, 0.013975922, 0.034025844, -0.010176605, -0.025291404, -0.028194416, -0.026912417, 0.05918989, 0.02410384, 0.06258142, 0.03451251, -0.0026285117, 0.0567803, 0.0018978027, -0.0028315403, -0.03538311, -0.005492965, -0.01885018, -0.03194802, 0.033819653, 0.011480018, 0.038923483, -0.016859856, 0.019277176, 0.040983804, -0.028828405, 0.022089733, 0.012928072, 0.059630018, 0.020437352, -0.018222203, -0.07045386, 0.025211567, 0.040232237, -0.015101358, -0.004468722, -0.027519591, -0.008273769, -0.038752455, 0.026758704, 0.033631057, -0.024918362, -0.002263998, 0.017202891, -0.012116981, 0.068491355, -0.027424296, 0.010898156, 0.0051563955, -0.055867985, -0.054935046, 0.07093489, -0.004483852, -0.03582199, -0.011217435, -0.016440423, -0.007872881, -0.03565807, 0.015700199, 0.026333246, -0.027158527, 0.027256155, -0.024415994, 0.043631457, 0.014831536, 0.032411203, 0.013380622, -0.0060851877, 0.05211881, 0.0024362807, -0.0540805, 0.014720214, 0.0947763, 0.05992773, 0.060263358, -0.077891074, -0.032867685, -0.0234845, 0.00058842846, 0.06135819, -0.023464771, 0.04063008, -0.005979913, -0.026776599, -0.014030135, -0.039430194, -0.026037391, 0.043655865, 0.0698361, -0.04405452, -0.027940731, 0.012965564, -0.031568404, -0.028534692, -0.05884337, -0.034624107, 0.046884, -0.02672062, 0.006086404, -0.012045456, -0.03512628, 0.057506077, 0.041356098, 0.0031265721, -0.044554256, 0.023536203, -0.018366022, -0.038085394, -0.027337529, -0.038911305, 0.045274764, -0.03228072, 0.046678994, -0.009321392, 0.02780292, 0.03390867, -0.0007016886, -0.033225596, 0.0066831587, 0.03251518, -0.044427246, 0.007593158, 0.00875301, -0.030093102, 0.010619684, 0.016525522, -0.023556646, -0.01509176, -0.014851309, 0.0088407025, 0.031635284, -0.008957284, -0.0009136995, -0.006249703, 0.015597638, -0.03691197, -0.093751065, -0.011693896, 0.032962717, 0.010645752, 0.02260446, -0.0080268495, 0.05890767, 0.04238252, -0.007830436, -0.007881274, 0.08393011, 0.0028316942, -0.020384395, 0.0021362952, 0.032410778, 0.013297047, -0.03107005, 0.04650461, 0.041352976, -0.0016308477, -0.030121274, 0.019217042, 0.03454356, 0.028218864, -0.05639124, -0.022539185, 0.028851539, 0.018531708, -0.026904304, 0.031930167, -0.014358742, 0.04310858, -0.027851844, -0.022312952, 0.003404967, -0.06606237, 0.033721942, 0.017231064, -0.026977878, 0.007354967, 0.010137348, 0.00088576437, 0.06035118, -0.027371664, -0.028327793, 0.04773607, -0.06275428, -0.082542494, 0.03863389, -0.0194318, -0.02320243, -0.009111471, 0.0039422647, -0.02123647, 0.049635846, -0.010556425, -0.0069279373, 0.006994294, 0.026550679, 0.036756817, 0.011206537, -0.032819048, 0.057060506, 0.01870313, 0.014206996, 0.053495333, -0.0031534664, 0.01915644, -0.048856262, 0.04812793, 0.023967354, 0.01904997, 0.04638926, -2.2036429e-05, -0.042628367, 0.029469714, 0.024345458, 0.025642538, 0.010403055, -0.056509584, 0.010599612, -0.023039041, 0.017073845, -0.046040304, 0.010467606, 0.03016587, 0.052803498, 0.028644608, 0.05918964, 0.014481192, -0.0052900203, 0.05003993, -0.017226238, -0.018548287, 0.040486887, -0.036403667, 0.021814236, 0.0013096015, -0.049176283, -0.032253426, 0.04755756, 0.004264367, -0.066199, -0.013816026, 0.06189802, -0.0046621445, 0.020207208, -0.035395455, 0.06655675, 0.06423718, -0.02684215, 0.016066737, -0.06557118, -0.029618537, -0.013718454, -0.027995788, -0.02829518, 0.020235438, 0.03496678, -0.0030000124, -0.0028927461, -0.0083166165, 0.028801683, -0.011784641, -0.0073419767, 0.04166157, 0.017232956, -0.003143423, -0.011461195, 0.02432418, -0.04300064, 0.04277644, 0.030641085, -0.009737075, 0.02728346, 0.05245432, -0.0660091, 0.020241354, -0.0061366917, -0.011436797, -0.0029152432, -0.024153445, 0.024769554, 0.031587224, -0.019887945, -0.0677681, -0.009568061, -0.038356587, 0.041902613, 0.065211095, -0.03583386, 0.026445294, 0.06617621, 0.0039668535, -0.04101486, -0.012212831, -0.0015037407, 0.023792246, -0.007338301, -0.021021975, -0.045109525, -0.05661751, -0.02357283, 0.029213998, -0.001852543, 0.059105314, 0.04537797, 0.04067512, 0.010562873, -0.059533756, -0.04610661, -0.01871139, -0.067784026, 0.03274574, 0.040236674, -0.012685192, -0.054306276, 0.035658445, -0.0078109954, -0.0053460943, 0.04966733, -0.03777688, -0.0392993, 0.014361546, -0.047517125, -0.009634209, 0.004913664, 0.01215422, -0.0018383239, 0.030032061, 0.07135898, -0.021148756, -0.037545677, 0.013495445, 0.013519961, 0.007587939, 0.04263801, 0.003667813, -0.061330423, 0.022215813, 0.026406517, 0.045669287, -0.029987866, 0.01217707, -0.010642316, -0.015617446, 0.047917742, -0.0065014367, 0.029266275, 0.021070777, 0.020007644, -0.05973548, -8.982966e-06, 0.0055512, 0.069110304, 0.021049628, -0.05291745, -0.011210226, 0.0070249797, 0.015614265, 0.009973006, 0.0029410222, 0.014775394, 0.043986384, -0.029732073, -0.05595655, -0.02523451, 0.016415281, 0.03564266, -0.009788064, 0.062585816, -0.040085323, -0.026731286, 0.029972656, -0.04575566, 0.036009412, -0.02147225, 0.008980913, 0.060604163, -0.049689047, 0.022716703, 0.06771177, -0.080521524, 0.003862156, -0.021989966, -0.03292683, -0.00979231, 0.03185107, 0.030292958, 0.050556753, 0.029574363, -0.03307042, -0.014212934, 0.036725014, 0.0027817586, 0.047725007, -0.0023120865, 0.06117136, -0.021737127, 0.012195577, 0.06352072, 0.045974527, 0.0019141417, 0.011008811, 0.041658327, -0.040341593, 0.0073189684, 0.0009541241, 0.021396484, 0.056800257, -0.010571293, -0.0070687374, -0.00032195443, 0.053739846, -0.08747617, 0.05023615, -0.0672273, -0.054587394, 0.01222317, -0.055985164, -0.010125193, 0.043343645, -0.02802209, 0.023429781, -0.017253987, 0.03833518, -0.044045147, -0.022817126, 0.033118963, 0.002098526, 0.01215684, -0.01048845, -0.051786266, -0.018927386, 0.007818525, -0.011927427, -0.03688746, 0.05543846, -0.03410248, 0.012345693, 0.021611407, -0.038426034, -0.011690762, -0.004692058, -0.06470519, -0.009674614, -0.012898928, 0.010543369, 0.053912688, 0.030814474, 0.019670459, -0.0023572205, -0.023548016, 0.04366809, -0.041971467, -0.032175176, -0.01568419, 0.01249981, -0.090879895, 0.031411752, -0.051674858, -0.01715831, -0.032697007, 0.024787974, -0.048758637, -0.042847745, -0.022471203, -0.008318244, -0.02445335, 0.0061935103, 0.007130081, 0.07024376, 0.025473436, 0.050194137, -0.083013, -0.023603743, 0.01504755, 0.04923085, 0.014818815, -0.041574486, 0.020632243, -0.010894195, -0.032324977, 0.022641536, 0.003908624, 0.0018230436, 0.031310946, -0.031539477, -0.036722757, 0.0097569255, 0.018096961, -0.020131327, 0.015871212, -0.05357638, 0.0038990467, 0.017067168, -0.09964397, 0.015661426, -0.041603148, -0.021739101, 0.026859798, -0.005931548, -0.029692044, 0.022849826, 0.0115349, -0.03906594, -0.015807567, -0.0343963, -0.007663254, -0.04256321, 0.006743134, 0.023113903, -0.032595314, -0.014561139, -0.0023895605, -0.021850966, 0.013447576, -0.011031328, 0.00031728047, 0.04518703, 0.037767153, -0.0029215184, -0.009556731, 0.060056206, 0.014349535, 0.06776355, 0.0074934154, 0.007574222, -0.08162136, 0.0040959166, -0.044207036, 0.05642948, -0.0213453, 0.040697865, -0.026766818, -0.075154305, -0.021800403, 0.021954637, 0.057768982, -0.0027640634, 0.000849509, -0.05336402, -0.04956666, -0.044025384, 0.0033534053, -0.024726065, 0.04253081, 0.012025506, 0.033286776, 0.023225801, -0.012705798, 0.00013662608, 0.004745091, 0.039962534, -0.01712993, 0.04434701, 0.04599407, 0.029480131, -0.022605509, 0.08251872, 0.03827597, 0.019566635, -0.034624107, -0.011874208, -0.029012065, 0.015456639, -0.038905196, -0.01856923, -0.045835905, -0.027609164, 0.02809516, -0.03002711, -0.006048579, -0.003086555, -0.011405626, -0.0025785123, 0.0041829706, -0.05974306, -0.0064121555, 0.007901497, -0.001875134, -0.01000738, -0.0018584665, -0.031693883, 0.048556756, 0.05489557, 0.012368603, -0.0021605084, 0.009328478, -0.0026848877, 0.02215761, 0.044781707, -0.040059187, 0.010233107, 0.0063033532, 0.064198904, -0.03178814, 0.032707322, -0.055768065, 0.00922527, -0.019067867, 0.015377777, -0.039441984, -0.0046856417, 0.01601301, -0.032753456, -0.020512862, -0.041310668, 0.04835531, -0.02943341, 0.009122207, 0.0160749, 0.059863806, -0.07169518, -0.04098927, 0.028079905, 0.009863331, -0.04147218, -0.0063696755, 0.003296248, -0.036062695, -0.018832628, 0.09317345, 0.022868253, -0.0012102238, -0.030260317, -0.039156295, -0.027692497, 0.022003364, 0.025848495, 0.013333727, -0.012301582, -0.073388524, -0.07168472, -0.035756204, 0.0058994624, -0.05329698, -0.019876184, -0.018606903, -0.0044663423, 0.017840015, -0.041732658, 0.013332125, 0.012778, 0.029075904, -0.035847176, -0.021770671, -0.04353494, -0.035328757, -0.04103308, -0.010599993, 0.0099803945, 0.09504452, -0.019517826, -0.03832414, -0.016666198, 0.04810364, 0.05874117, -0.008991441, -0.041388445, -0.039930686, -0.010083265, 0.01794283, 0.037483867, 0.0040737363, -0.060135573, 0.03176596, 0.065865844, 0.020889765, -0.007575857, 0.033031885, -0.022343468, -0.047731772, 0.005571747, -0.03301267, -0.07734161, -0.07265871]"
sop-pengajuan-kredit.md-3,"### 2.1 Untuk Nasabah Perorangan:
- Fotokopi KTP yang masih berlaku (masa berlaku minimal 6 bulan)
- Fotokopi Kartu Keluarga
- Fotokopi Surat Nikah atau Akta Cerai (jika sudah menikah/cerai)
- Slip gaji 3 bulan terakhir atau surat keterangan penghasilan dari pemberi kerja
- Rekening tabungan/buku rekening 3 bulan terakhir
- Surat Pernyataan Penghasilan yang ditandatangani di atas materai Rp 10.000
- NPWP (bagi pengajuan di atas Rp 500 juta)
- Usia minimal 21 tahun, maksimal 60 tahun pada saat pe",sop-pengajuan-kredit.md,"[0.016180407, 0.02333875, -0.17488672, -0.01819069, -0.0077845375, -0.029136365, 0.05069211, -0.024673427, -0.01604001, -0.019609721, 0.016241182, 0.011616918, 0.07705369, 0.034013964, -0.021426663, -0.02037702, 0.025733909, -0.06605441, -0.03978151, 0.08869715, -0.051033635, 0.012325135, -0.083545, -0.019611627, 0.040692158, 0.026624354, 0.044480287, 0.0319562, -0.051413815, -0.07247738, 0.06507478, -0.074573115, -0.071341634, -0.0590621, 0.0046946513, -0.09804222, 0.10821694, 0.034527212, 0.022602582, -0.009209357, 0.027482528, -0.028827043, 0.037716534, 0.008105253, 0.011297684, -0.004703823, 0.07267714, 0.030714141, 0.0423468, -0.0068643866, -0.017841255, 0.00735294, 0.004770174, -0.053635295, -0.0088064475, 0.017257964, -0.046446353, 0.0015024558, 0.02210428, 0.016010463, 0.04030866, 0.070905246, -0.052505337, 0.09877091, 0.0075463904, -0.06669618, -0.04997571, 0.040702872, 0.015585656, -0.037705738, 0.004247348, -0.034266625, -0.0013587354, -0.0018430072, 0.029336428, -0.040054314, -0.04570574, -0.04384408, -0.0025332181, 0.039366473, 0.010430509, -0.04935277, 0.08408236, -0.010886552, 0.029948499, -0.012756801, -0.027417136, 0.009830562, -0.04360634, 0.0730335, -0.00069105334, -0.005128924, 0.04075956, 0.021773074, -0.0016841664, 0.033392787, 0.013450257, 0.021387516, -0.019979043, -0.051532593, -0.020431155, 0.0017823855, 0.04307649, 0.009428757, 0.028081285, 0.04294684, 0.010813816, 0.03199326, -0.0051808152, -0.00340681, -0.026538972, 0.007476776, -0.013354551, -0.038398463, 0.012248036, -0.01634686, 0.053388286, -0.013238792, 0.072059505, 0.05131065, -0.022605194, -0.020807337, 0.03542879, 0.06705039, 0.039682217, 0.0056692683, -0.09212289, -0.0019684536, 0.018364964, -0.039664965, -0.0009830135, -0.0042676674, -0.017721849, 0.0044432213, 0.034884878, 0.030422276, -0.0010199451, 0.022338744, 0.018197613, 0.0055808085, 0.03764849, 0.0060054553, 0.02177288, -0.02142452, -0.05577351, -0.053457852, 0.06655493, -0.0007238011, -0.036095843, 0.009313107, -0.007715904, -0.03107622, -0.0036364703, 0.041974388, 0.021640323, -0.069778554, 0.036491115, -0.00073500926, 0.030861039, 0.023252932, 0.026212782, 0.015026456, -0.044214334, 0.07927491, -0.016492374, -0.021788824, 0.032627486, 0.05278489, 0.028738752, 0.01233428, -0.07642405, -0.055010855, -0.038176417, -0.027012408, 0.051216774, -0.032789864, 0.04727126, 0.011991534, -0.014752547, -0.012639127, -0.03715835, 0.0063178153, -0.0028543882, 0.04369485, -0.050638907, 0.0017392335, 0.01475581, -0.030748453, -0.02406598, -0.0060250075, -0.0066118385, 0.06956038, -0.03998618, -0.015973972, -0.020627968, -0.013601405, 0.045408342, 0.0023619416, 0.014877419, -0.01492748, 0.0015813346, -0.027396064, -0.0099034775, -0.012624325, -0.019013561, 0.041879743, 0.012828089, 0.051088702, -0.017128518, -0.0044331346, 0.002720382, -0.012972447, -0.025239473, 0.023406358, 0.056064915, -0.048455197, -0.01617095, -0.017533548, -0.036937177, 0.0150028905, 0.04951677, 0.013266834, 0.014094431, -0.009470864, 0.03369972, 0.039406158, -0.012141282, -0.024401765, -0.011704316, 0.021073885, -0.056716215, -0.096875764, 0.0054490934, 0.028022796, -0.011800855, 0.010674256, 0.018692642, 0.05578733, 0.021527207, 0.041768655, 0.00047013027, 0.04064993, -0.022572266, -0.012363874, -0.07915439, 0.0223832, -0.01169399, -0.029928472, 0.013784419, 0.034902833, 0.016481781, -0.024452081, 0.06409387, 0.048103973, -0.0035303016, -0.020478167, -0.02527979, 0.02237527, 0.029760638, -0.0026934529, 0.03087537, -0.019483067, -0.001650137, -0.0528768, 0.020247422, 0.005465649, -0.04796104, 0.0175495, 0.0067792963, 0.013999169, 0.029019665, 0.013473043, 0.009515959, 0.009138602, 0.005928058, 0.015162823, 0.037397847, -0.03257477, -0.044020038, 0.08158432, -0.02398813, -0.034106348, -0.01879449, -0.007824001, -0.028119816, 0.044136416, -0.00055558485, -0.0015921876, 0.027510466, 0.046892192, 0.020430092, -0.0038246391, 0.008470258, 0.028265236, 0.020070586, -0.01671523, 0.05756385, -0.018325968, 0.023602782, -0.012349496, 0.056179836, 0.022839706, 0.073974185, -0.019018937, 0.006945466, -0.04863581, 0.040180102, -0.031722635, 0.01722433, 0.012864932, -0.03302339, 0.053150274, -0.04313237, 0.036404535, -0.03346771, 0.00455775, 0.035388127, 0.043848097, 0.022449046, 0.06853062, -0.00038930116, -0.0037887278, -0.019632155, -0.027209803, 0.006336359, 0.012882504, -0.02879515, 0.01692214, 0.04894214, -0.011832091, 0.0154303145, 0.032606695, 0.011169627, -0.105178304, -0.029280445, 0.04042198, 0.019357422, 0.015860628, 0.0115640275, 0.028066672, 0.054430068, -0.021542361, -0.003442609, -0.085345216, -0.006849641, -0.03267295, 0.007651191, -0.036849782, -0.00052775734, 0.055326946, -0.018128855, -0.018771876, 0.012852594, -0.014696658, 0.00999342, 0.0056283637, 0.007263065, 0.0335881, 0.012632019, -0.018083422, 0.06396587, -0.019632516, 0.0638634, -0.0052668853, -0.02921458, 0.018238679, 0.03455146, -0.0062896097, 0.035939153, -0.006416353, -0.037049156, -0.047537513, -0.05403871, 0.022580078, -0.008463861, 0.012960295, -0.027520722, -0.01614081, -0.005102299, 0.06128428, 0.05505991, -0.023478512, 0.045519844, 0.0515308, 0.022859279, -0.023631074, 0.018970821, -0.021925129, 0.02084655, 0.023432244, 0.017318584, -0.06032186, -0.026211241, -0.020262629, 0.012608886, -0.0045219315, 0.060543183, -0.017864555, -0.012048613, 0.06715939, -0.061806407, -0.064397946, -0.005453403, -0.029563686, 0.025962047, 0.0069192643, -0.010797503, -0.014054929, 0.026312327, 0.03634845, -0.007070373, 0.05638207, 0.023686111, -0.037547745, 0.0025656873, -0.00094657013, 0.0056340545, 0.014747608, 0.017593633, 0.0059961975, 0.005912204, 0.08561571, -0.036257353, -0.027167022, 0.00040225338, 0.023630043, -0.009366479, 0.061484016, -0.00567425, -0.0538939, 0.03258772, 0.020833481, 0.015866559, -0.030979883, 0.013784624, 0.0028261284, -0.011726631, 0.031218816, 0.016853351, 0.008947903, 0.023140753, 0.003304401, -0.028715525, -0.023008995, 0.015951505, 0.07053321, 0.030137895, -0.072394274, -0.008116441, 0.030287806, 0.045020275, 0.026627319, 0.01691877, 0.051539272, 0.03174723, -0.04478508, -0.03080881, -0.03056544, 0.04009782, 0.040326763, 0.032703895, 0.026897028, -0.039354816, -0.019990884, 0.03596518, -0.040407997, -0.02473339, 0.020602338, -0.0043106065, 0.04865694, -0.060221292, -0.017123513, 0.05510974, -0.06417401, -0.017928537, -0.014069921, -0.016680257, -0.0013194117, -0.0010463592, 0.05053993, 0.057347048, -0.048778053, -0.051384363, -0.05674512, 0.043558594, 0.0027253604, 0.007949316, 0.005121468, 0.055284973, -0.070885494, 0.0035267202, 0.022750175, 0.021719119, 0.02507912, 0.028955078, 0.021213528, 0.0037505245, 0.062554516, 0.06292152, 0.042143237, 0.035297237, 0.004470587, -0.047515888, -0.013602872, 0.06550066, -0.12751533, 0.0268242, -0.0671724, -0.045593083, 0.02265165, 0.0026372545, 0.0028025492, 0.04984709, -0.03426278, 0.024089219, -0.027747745, 0.040682375, -0.020282399, -0.040879812, 0.020867718, 0.033883914, -0.048443977, -0.015630476, -0.05131134, 0.025974438, 0.014248296, -0.036646657, -0.05374041, 0.047467794, -0.024529567, -0.0030630808, 0.02592937, -0.03000516, 0.0027391943, -0.015903482, -0.021262895, 0.004041319, 0.017329112, 0.05259586, 0.002675328, 0.018769307, 0.040884946, 0.0012182078, 0.0050402773, 0.035744946, -0.031221341, -0.027145756, -0.007184109, -0.011158085, -0.059434056, 0.048870876, -0.04276097, -0.01842294, -0.02522367, 0.0030380634, -0.06081257, -0.00323686, -0.022613246, -0.00010134323, -0.03508748, 0.00320266, 0.0045846677, 0.051205672, 0.002642314, 0.038061857, -0.09568934, -0.012507663, -0.0056212223, 0.009796022, 0.009347298, -0.027673615, -0.022288248, -0.0034158856, -0.0050324467, -0.0046490263, -0.0065555032, 0.021366395, 0.023563674, -0.069395594, -0.0518854, -0.032131758, -0.013500001, -0.008880347, 0.038751125, -0.028464194, 0.035089612, -0.008453511, -0.05861663, 0.013480319, 0.014588117, -0.03130145, -0.0029586125, 0.006299962, -0.04735708, 0.05518826, -0.0067790616, -0.0067803613, -0.0021224488, -0.038984373, -0.013551643, -0.00020778373, 0.005981385, 0.022844713, -0.05915239, -0.0062546395, 0.017155448, -0.025343724, 0.014851094, -0.004097906, -0.026002742, 0.025097627, 0.02504864, -0.028626112, -0.028522681, 0.013070272, -0.012299198, 0.05339501, -0.01972164, -0.017776165, -0.042644635, 0.0067226756, -0.07248356, 0.06733168, -0.047722384, 0.032222632, -0.0058521233, -0.017440291, 0.0030472933, 0.025878012, 0.033904202, -0.032218285, -0.030450068, -0.04946989, -0.014983432, -0.080133386, 0.031396113, -0.004295732, 0.036970906, 0.019427942, 0.024885265, 0.04367046, -0.027615244, 0.021318438, -0.0023092949, 0.04416241, -0.016138513, 0.024183115, 0.042040743, 0.048919212, -0.03028146, 0.08244895, 0.046627883, 0.025473677, -0.027491312, 0.011799443, -0.018990325, 0.006429234, -0.04606663, -0.032714184, -0.04752575, 0.0030696462, 0.038413722, -0.032082066, -0.011222884, 0.007893621, -0.027241193, 0.019269207, 0.030592514, -0.087078124, -0.016205318, 0.021994691, 0.0019394628, -0.008719233, 0.010614466, -0.0022447864, 0.04531423, 0.0405254, 0.030959532, -0.021810804, -0.0024442482, 0.013441241, -0.02373059, 0.06846274, -0.03946188, 0.010335763, -0.068264715, 0.03145098, -0.051070295, 0.03658248, -0.062803246, 0.011715246, 0.0031059138, 0.0032814294, -0.0757051, 0.00043307425, 0.011093742, -0.04006694, -0.07124367, -0.048868135, -0.0059823496, -0.012792084, -0.02214639, 0.00050858944, 0.02202955, -0.0742724, 0.0027030453, -0.011510711, 0.0059085866, -0.031665195, 0.00042912771, 0.010805686, -0.012683004, -0.033036124, 0.06719185, 0.012707357, 0.03874523, -0.05058118, -0.03464993, -0.034122154, 0.010729434, 0.037997622, -0.016930442, -0.046830017, -0.05666927, -0.0024686803, 0.0029361362, 0.017962677, -0.049209185, 0.0036191538, -0.031051354, -0.0023092765, -0.032613903, -0.068493605, 0.014765157, -0.023643723, 0.03420105, -0.03351314, -0.028972741, -0.025840092, -0.030557593, -0.016754674, 0.0049066436, 0.020413272, 0.039471995, -0.039292913, -0.007787976, -0.039866567, 0.016606763, 0.07522008, -0.019328553, -0.0068155965, -0.013299631, -0.037965763, 0.039198868, 0.05283076, 0.025087895, -0.030760441, 0.023670088, 0.1006747, 0.005034563, 0.026882622, -0.011356409, -0.014987254, -0.0023494905, 0.013356086, -0.047962885, -0.058092788, -0.07756714]"
sop-pengajuan-kredit.md-4,"a minimal 21 tahun, maksimal 60 tahun pada saat permohonan",sop-pengajuan-kredit.md,"[0.034239005, 0.032810774, -0.15687919, -0.061156344, -0.0489116, 0.043574538, 0.023718102, -0.00199693, 0.021740772, 0.026607774, -0.020453056, 0.032403998, 0.009271364, 0.0076716505, -0.026821, -0.03603363, 0.005368819, -0.047746517, -0.014169132, 0.057061188, -0.02001824, 0.029275358, -0.019101301, -0.029010564, 0.05984714, -0.007136124, 0.015248539, 0.01936319, -0.026686072, 0.0040268023, 0.026776453, -0.07629031, -0.028414458, 0.03267954, -0.04128789, -0.021662818, 0.051817123, 0.003635747, 0.012754948, -0.058176976, 0.021888612, -0.06360884, 0.050042074, -0.00993787, 0.010978938, 0.0335957, 0.040505633, 0.044902973, 0.04505101, 0.014897289, -0.0226996, -0.048917305, -0.037364382, -0.06874876, 0.01774694, 0.038293794, -0.076808766, -0.0058674603, 0.031567983, 0.004821699, 0.10328851, 0.032952268, -0.061978377, 0.07797479, 0.014137904, -0.035634596, -0.013118565, -0.006905879, -0.010200787, -0.03135009, -0.003182804, -0.043877404, -0.00293546, -0.020752558, 0.0077830656, -0.0072696847, -0.021882923, -0.05163083, -0.074905366, 0.017112907, -0.0023923996, -0.05764226, 0.070905745, 0.00049466465, 0.06848583, -0.044020176, -0.01801237, 0.037416708, 1.3026291e-05, 0.06643953, 0.032817345, -0.00016961171, 0.007678371, -0.017911037, -0.04052785, 0.06368474, -0.015067965, 0.044646148, -0.014277605, -0.082388006, 0.012136137, 0.05946725, 0.008226233, -0.021989796, 0.03804192, 0.0437878, 0.022888634, 0.039324805, 0.003800209, -0.024647046, -0.011422961, -0.0053388933, -0.061910793, -0.055893026, -0.0094697215, -0.05155418, 0.09275221, -0.028079407, 0.047001082, 0.02292849, -0.014157156, -0.039190702, 0.0035050418, 0.04550742, 0.019808825, 0.028492372, -0.034912374, 0.017412696, 0.011568768, -0.02441589, -0.0074768527, 0.002974464, -0.042308606, -0.04363205, 0.008699058, -0.0005019819, -0.017323496, -0.00022358664, 0.0148948915, -0.011963471, 0.055306867, 0.029065412, 0.044315256, -0.02488899, -0.011496091, -0.055227805, 0.10242103, -0.0015167265, -0.038630415, -0.004347089, -0.002608627, -0.02362933, 0.02234799, 0.041526444, -0.031146765, -0.052492686, 0.021443952, -0.026501406, 0.026078176, -0.0046355445, 0.0051204558, 0.0502469, 0.018897574, 0.07296729, -0.021331634, -0.035431977, -0.016077833, 0.08188091, 0.013253431, -0.0032287897, -0.02222346, -0.050432146, -0.03542698, -0.031869378, 0.04903626, -0.035436504, 0.028749034, -0.029747099, -0.02628214, -0.016100967, 0.029252747, -0.0403239, 0.034757923, 0.05777599, -0.04333796, -0.041885003, 0.008344966, -0.031363256, -0.0137765845, 0.001119328, -0.028844, 0.07363224, -0.045441076, 0.009033325, -0.011024196, -0.0070342976, 0.088293046, 0.04310472, 0.02346373, -0.04861251, -0.022179293, -0.023826957, 0.044660658, 0.006945598, -0.028504504, 0.018114017, -0.01846754, 0.038281575, -0.010897529, -0.03228564, -0.019322576, -0.03475944, -0.026721878, 0.025105033, -0.023904584, -0.009828457, 0.0011966313, 0.0044133742, -0.065237336, 0.03103823, 0.033951927, 0.026011467, 0.012913282, -0.02510418, 0.05653841, -0.0078060185, -0.0065893694, 0.025835223, -0.0044699456, -0.0006778909, -0.0058842455, -0.09088384, 0.059840687, -0.010207507, -0.019896088, 0.020463923, 0.0518752, 0.00053303357, -0.0029962668, 0.016569475, 0.015078864, 0.04063826, 0.010230952, 0.025959993, -0.023827683, 0.043348312, -0.034662247, -0.052317727, -0.016705565, 0.06327056, 0.026627313, -0.04138166, 0.020403557, 0.04947051, -0.02184337, -0.020488398, -0.0392163, -0.0061284606, 0.036336508, -0.016203774, 0.028131332, 0.013971507, 0.044254962, -0.02790199, -0.014491774, -0.028257499, -0.067614034, 0.035639554, -0.01630576, -0.05696458, 0.04067328, 0.035403676, 0.027662406, 0.0062867184, -0.005768353, -0.02644461, 0.032202847, -0.06616807, -0.018977392, 0.032609083, -0.019994017, -0.018726055, -0.006672503, -0.01791527, -0.01159517, 0.0031727566, 0.060657114, -0.033451185, -0.008024002, 0.042933553, -0.037268218, 0.034397334, 0.011728791, 0.029546577, 0.07983468, 0.039782587, 0.056377124, -0.024049388, 0.009302493, 0.016364276, 0.004224769, -0.012788019, 0.024212565, 0.023625165, 0.022576876, -0.06867275, 0.022395408, -0.072071925, 0.017581813, -0.04974046, 0.009211255, 0.014073466, -0.03611864, 0.031924997, -0.043005597, 0.024663558, 0.017081147, 0.030544324, 0.0026141428, 0.063786566, 0.027864473, -0.03563234, 0.010988631, -0.04656807, 0.017203424, 0.040335342, -0.02685815, 0.045832008, 0.012568192, 0.0029137505, 0.016595429, 0.037157487, 0.014201498, -0.057331484, -0.043652177, 0.031127429, -0.020888528, 0.01709736, 0.033121146, 0.028526485, 0.01739225, -0.024515405, 0.042104326, -0.030485664, -0.037974022, 0.020063553, -0.025318505, -0.0017110404, 0.0180311, 0.0036175326, 0.020388383, -6.3003768e-06, -0.020411354, 0.015025759, -0.02395813, 0.01170012, 0.03717472, 0.047870763, 0.039114747, -0.02237973, 0.067619875, -0.04938525, 0.016189462, -0.021201678, -0.003342026, 0.04253477, -0.00481467, 0.053691518, 0.03332455, 0.01225925, -0.053725425, -0.052089553, -0.027731756, -0.03409066, 0.0026235888, 0.015790885, -0.0060271537, -0.04092223, -0.00031143788, 0.0688861, 0.038999338, -0.037211534, -0.020134354, 0.0066507156, 0.049423102, -0.03804551, 0.044701956, -0.024189876, 0.019417144, 0.03756243, 0.014721121, -0.10057787, 0.01686407, -0.003492559, 0.028103141, 0.010214019, 0.06429422, -0.011484924, 2.2952854e-06, 0.054660883, -0.027266128, -0.046117816, 0.03987039, -0.033974823, 0.014102123, 0.07443541, 0.0119285835, 0.02855709, 0.024515456, 0.001300751, -0.03619359, 0.04197781, 0.012746551, -0.011144114, -0.030322647, 0.02911257, 0.020533405, 0.0035553784, 0.020533834, 0.014859229, -0.005255295, 0.07766342, -0.06460154, 0.006575495, -0.010744728, 0.0020412547, 0.042926274, 0.049861863, 0.03182633, -0.008658031, 0.0005491555, 0.024263432, -0.008615372, -0.05289505, -0.018534753, -0.003119243, -0.00038147133, 0.041261606, -0.0076972274, 0.009085244, 0.03431537, -0.0021685492, -0.06870378, -0.01016274, -0.007219013, 0.01831464, 0.009380261, -0.11836318, -0.020257706, -0.029543806, 0.039294507, 0.05765534, -0.016767636, 0.0039073485, 0.014553493, -0.033781562, -0.01790892, 0.014950268, 0.023358446, 0.054765865, -0.0010290405, 0.014666062, -0.029588617, 0.02339788, -0.0010277785, -0.050439447, 0.032256145, 0.044040184, 0.014801229, 0.064070426, -0.056164306, 0.025633166, 0.051352993, -0.04722459, -0.048263073, 0.004241674, -0.013510177, -0.007817382, -0.0025352142, 0.06944502, 0.039034076, -0.027299719, -0.02883306, -0.037360445, 0.028566789, -0.02164403, 0.024519179, -0.0075853914, 0.054179788, -0.021995658, -0.009488941, 0.027590992, -0.017938497, 0.0037205091, 0.0098319715, 0.020326281, -0.041915763, 0.0008440033, 0.047292445, -0.014626871, -0.030582167, -0.0028044418, -0.04026505, -0.013407464, 0.03165182, -0.118375845, -0.030320652, -0.038707275, 0.0011919816, 0.060025007, -0.00073298294, 0.049168948, 0.030667135, -0.01190132, 0.010949324, -0.056857932, 0.07647775, 0.009857208, -0.045331057, 0.040550534, 0.028837174, -0.060605813, -0.014136044, 0.0012642932, -0.0027844997, -0.023309112, -0.012304217, -0.03796049, 0.043585647, -0.06286331, -0.00069325796, 0.0136302905, -0.006386628, -0.02404344, -0.03223728, 0.003169952, -0.019064466, 0.0335827, 0.033542767, -0.007834123, 0.033997443, -0.04089344, 0.010720989, 0.016217308, 0.06510072, -0.022383304, -0.04084469, -0.016084649, 0.015056556, -0.009632978, 0.030798674, 0.031880375, -0.02341431, -0.0454505, 0.0025427607, -0.005311542, -0.036409866, -0.039227333, 0.01589252, -0.05017049, 0.028225115, 0.0006209107, 0.048011422, -0.016239569, 0.009439717, -0.024591282, 0.021472644, -0.012029783, -0.023305805, 0.022939963, -0.026160182, -0.06425707, -0.02971224, -0.009260308, -0.026520772, -0.024372041, 0.018709587, -0.00987531, -0.021565799, -0.004698298, 0.008428884, -0.010331067, -0.05997646, 0.016769145, 0.0042343414, 0.0045887455, -0.025434949, -0.043247346, 0.011531548, 0.021034217, 0.0004335286, 0.040641326, -0.0320204, 0.0011324652, 0.05446686, 0.020664081, 0.00621174, -0.059264418, -0.02845874, -0.019477004, 0.038538046, 0.009217574, 0.044495508, -0.0080064265, 0.011801221, 0.043072812, -0.013937256, 0.0625881, -0.041545846, 0.0028001193, 0.016254207, 0.013873813, -0.01639556, -0.003542735, 0.0051658317, 0.006987317, 0.032347836, -0.028168352, -0.052516364, -0.03550063, -0.0038692947, -0.025727041, 0.03968779, -0.0027812312, -0.0046615563, 0.0013336923, -0.023420697, 0.0023401007, -0.010321455, -0.0054716603, -0.05347174, -0.00957952, -0.04757471, -0.009000219, -0.07869222, 0.01641351, 0.003599015, 0.045788974, 0.03450556, 0.02076572, 0.027393896, -0.043279964, 0.016503844, 0.042581793, 0.0073773633, -0.041228272, 0.033647243, 0.09850424, 0.06461751, -0.0620901, 0.046450578, 0.09206219, 0.06624486, -0.00851344, 0.010266864, 0.017239636, 0.011552329, -0.03783314, -0.052086215, -0.058566686, 0.007472981, 0.07025676, -0.014196698, 0.013554, 0.04389982, -0.022461273, 0.041616112, -0.021142535, -0.04255543, -0.03532983, 0.034091346, 0.008307043, -0.011087635, 0.01194508, 0.0002937274, 0.057270557, 0.016336396, 0.03831836, -0.0010721422, -0.012376557, -0.0060934587, -0.02860204, 0.02121154, -0.002114263, 0.03677216, -0.018890426, 0.031448297, -0.033002358, 0.053647842, -0.09637557, -0.009499557, -0.011454212, 0.052061386, -0.0559395, -0.027468883, 0.011960819, -0.014598263, -0.04399341, -0.028841536, 0.03382397, -0.014159852, -0.017396482, 0.011105482, 0.0012932019, -0.062422335, 0.0007731856, 0.038061276, 0.020481164, -0.05259512, 0.005356857, 0.0003300074, 0.02608914, -0.04754131, 0.06902249, 0.074047126, 0.03965688, -0.0610714, -0.040454958, -0.025690334, -0.032700863, 0.05431851, -0.029421201, -0.0072903396, -0.08748707, -0.063476995, 0.017491935, -0.0011223186, -0.04397945, -0.009265595, -0.057034463, 0.028441805, -0.037678007, -0.07152333, -0.0022802071, -0.0019687784, -0.0047831275, -0.030864796, -0.006362944, -0.044200644, -0.0209344, -0.04463577, 0.023384646, 0.030131675, 0.026802432, 0.015782315, -0.015171442, -0.08009971, -0.013864401, 0.08547419, -0.025350597, 0.012861466, 0.00029960196, -0.030717583, 0.054306816, -0.016686654, 0.048965957, 0.020015744, 0.013732101, 0.059922304, 0.009192816, 0.009082436, 0.0068582003, 0.01096109, 0.030428233, 0.019992666, -0.00056049123, -0.047874097, -0.06676434]"
sop-pengajuan-kredit.md-5,"### 2.2 Untuk Badan Usaha:
- Fotokopi Akte Pendirian dan SK Pengesahan
- Fotokopi NPWP Perusahaan dan Perorangan (Pemilik/Direktur)
- Laporan Keuangan auditan 2 tahun terakhir (atau unaudited jika belum ada audit)
- Permohonan kredit diisi lengkap dan ditandatangani oleh pejabat yang berwenang
- Daftar susunan pengurus dan pemegang saham",sop-pengajuan-kredit.md,"[0.021326356, 0.009201368, -0.17619324, -0.041482445, 0.0018991233, -0.026790172, 0.037102424, -0.0416044, 0.0055604214, -0.027372688, 0.007979292, 0.040663984, 0.047511823, 0.03122074, 0.0149583155, -0.014146761, 0.029892035, -0.06470861, -0.097405165, 0.057892356, -0.029204572, 0.025156405, -0.050713345, -0.016871683, 0.068895295, 0.018315002, 0.03940075, 0.019286439, -0.042725645, -0.07582148, 0.029073223, -0.027206503, -0.037815932, -0.07263083, 0.026353594, -0.072224736, 0.11425064, 0.02316305, 0.023544636, -0.034481034, -0.025397466, 0.017895112, 0.029051917, -0.003670341, -0.006397001, -0.01454274, 0.04967767, 0.044954393, 0.05607032, -0.019250795, 0.0030998825, -0.0013184545, 0.018575253, 0.019833097, -0.016913397, 0.016300675, -0.057660483, 0.00086179376, 0.00045629274, -0.022165012, 0.054046433, 0.07032935, -0.0074190623, 0.07742652, -0.0067819715, -0.06360742, -0.02500878, 0.029002829, 0.034149468, -0.011196993, 0.00043218202, -0.021355748, 0.009727598, -0.034884967, 0.050501402, -0.043353833, -0.030890672, -0.074102715, -0.0039842683, 0.054591876, 0.0051963963, -0.016432531, 0.08990021, -0.0049406746, 0.058425955, -0.006310345, -0.052277822, 0.011603433, -0.034320965, 0.072347395, -0.010100673, 0.008361566, 0.038628157, 0.024157817, -0.025703361, 0.041590367, 0.0155091705, 0.039684743, -0.05557624, -0.033370364, -0.03806265, -0.023327798, 0.06038379, 0.041775223, 0.072994694, 0.032642614, 0.01972498, 0.027637286, -0.016901469, 0.007585761, -0.041789718, 0.018771596, -0.0184457, -0.030086145, 0.024754371, -0.0040807747, 0.04436391, -0.02725939, 0.038537845, 0.06419583, -0.030315053, -0.031338155, 0.0333414, 0.05665143, 0.03024461, -0.012702358, -0.06718787, -0.010390913, 0.018025067, -0.045725204, 0.007651958, -0.022525698, -0.01669346, -0.0069301026, 0.029201433, 0.021717161, -0.0039550173, 0.016645279, -0.0126747945, -0.014716234, 0.028125439, 0.004734455, 0.009320861, 0.0016784057, -0.046704084, -0.06682193, 0.08861902, -0.0026174441, -0.027748201, 0.013414227, -0.034186922, -0.053727895, -0.0195787, 0.022496525, 0.03119848, -0.040771518, 0.011105443, 0.0012165443, 0.042513344, 0.015573703, 0.045870304, 0.00038749058, -0.00420457, 0.057051506, -0.013691597, -0.0298962, 0.027261252, 0.08072663, 0.03943859, 0.007852568, -0.07480534, -0.04659575, -0.024422372, -0.0047089756, 0.065843, -0.046189897, -0.0033959695, -0.0012631228, -0.029235791, 0.0032648328, -0.015448817, -0.025272613, -0.00831007, 0.067237474, -0.018258648, -0.028726691, 0.030994842, -0.027621642, -0.008777985, -0.014186421, 0.008125363, 0.063397266, -0.034767747, -0.027524041, -0.03915775, -0.025544148, 0.029763184, 0.006557533, -0.006994722, -0.032093193, 0.029625366, -0.033620905, -0.029031606, -0.0025408573, 0.003725067, 0.04291275, 0.0071377195, 0.028150996, -0.043730613, 0.007619378, 0.036112975, -0.0032455495, -0.0251659, 0.018474722, 0.06149591, -0.07504895, 0.012753181, -0.018897817, -0.024215158, 0.01007463, 0.04839401, 0.012943504, 0.028076313, -0.022017142, 0.040060297, 0.04738148, -0.023834161, -0.032798633, -0.031166736, 0.024411332, -0.05393036, -0.11727799, 0.0037226505, 0.043112688, -0.0018819064, -0.0019539138, 0.01947709, 0.05078741, 0.051053856, 0.016075807, -0.008675405, 0.057061262, -0.009975659, -0.011751809, -0.051020715, 0.0075499928, 0.005296286, -0.03634051, 0.032029465, 0.055885445, 0.010522408, 0.022460854, 0.046033103, 0.020941248, 0.011294168, -0.008416077, -0.022535343, 0.027067818, 0.027524812, -0.004534628, 0.050635513, -0.040481508, 0.016594268, -0.009782671, 0.035085358, 0.007362204, -0.035024416, 0.031743366, 0.0015546759, -0.018025829, 0.034881987, 0.010799862, -0.031137701, 0.018939877, -0.011067565, 0.014630666, 0.03895773, -0.04115472, -0.064323805, 0.07052336, -0.04139281, -0.0034784065, -0.0016535989, 0.023752054, 0.017771551, 0.0508814, -0.0003866079, 0.004164646, 0.015674468, 0.008962519, 0.029165512, 0.00674898, -0.01978194, 0.04369, -0.008379487, -0.013743152, 0.025552902, -0.0035264983, 0.023486746, -0.041869342, 0.056721434, 0.049053274, 0.062189132, -0.0069673765, 0.009986482, -0.06408991, 0.020067459, -0.0036416496, 0.045278966, 0.036021557, -0.04885694, 0.042062014, -0.042167794, 0.0054537007, -0.023255894, -0.0070499396, 0.025684781, 0.045523297, 0.0050349613, 0.073699415, -0.022524586, 0.012499724, -0.016000276, -0.02225109, -0.0046912683, 0.004877156, -0.035833802, -0.013054444, 0.025887195, -0.036692806, 0.0077699833, 0.020230811, 0.001173187, -0.07479493, -0.010713889, 0.040574554, 0.027665652, -0.005619006, -0.0038696025, 0.031764016, 0.072056204, -0.009406451, -0.007571232, -0.0745247, -0.036367413, -0.029908132, 0.009614805, -0.05273386, -0.0013309811, 0.040814556, -0.01628611, 0.0054490683, 0.0052967016, -0.00095733616, 0.025547123, 0.0047559664, 0.020253612, 0.04138326, 0.016223175, -0.015603864, 0.072139755, -0.019206274, 0.04868975, -0.011146798, -0.020847889, -0.0164362, 0.044042863, -0.03745928, 0.020671535, -0.016951928, 0.003244485, -0.046998695, -0.049270183, 0.0042910418, 0.012638571, 0.019490026, -0.036805898, -0.001016114, -0.04748348, 0.04517413, 0.067411855, -0.02131089, 0.063506894, 0.07461997, 0.009666753, -0.058902394, 0.01115364, -0.009673296, -0.0059933276, 0.004771455, 0.007986576, -0.03352585, -0.020229433, -0.007965996, 0.02003384, -0.030507246, 0.030404601, 0.00080534286, 0.033279475, 0.056642774, -0.07625593, -0.03850742, -0.006782738, -0.045178384, 0.029445337, 0.04092629, -0.02172673, -0.041612238, 0.028700832, 0.018100923, 0.0061422517, 0.048834916, 0.003107081, -0.036697462, 0.0155028105, -0.007568679, 0.008235956, 0.021116698, 0.025282213, 0.009429342, 0.015281084, 0.08134008, -0.0126156015, -0.015982518, -0.02077247, 0.028170044, -0.0007955644, 0.059481714, -0.0010599097, -0.05730129, 0.042652797, 0.00072728033, 0.044713635, -0.0043707076, 0.0008816246, 0.0053901817, 0.010539815, 0.07322563, 0.03476994, 0.021197498, 0.004886479, -0.012907653, -0.028184066, -0.007867538, 0.041567877, 0.04674967, 0.04051723, -0.044339735, 0.0040898165, 0.032183696, 0.012628431, 0.01713731, 0.011001773, 0.035214648, 0.031503044, -0.013832453, -0.0484005, -0.002008669, -0.0034390164, 0.024377933, 0.0257163, 0.05292537, -0.0640333, -0.005928115, 0.016949235, -0.043068007, -0.01517148, -0.01221202, 0.0047826534, 0.08829786, -0.053470753, -0.008309765, 0.050094135, -0.061483297, -0.0020735404, -0.036475237, -0.027392318, -0.0074698306, 0.020011537, 0.048703086, 0.03702088, -0.027401064, -0.015449178, -0.0422705, 0.02169044, -0.0159198, 0.0071792356, -0.003334697, 0.061606828, -0.058196552, -0.012069081, 0.046344448, 0.007727197, -0.00491754, 0.013287479, 0.025209807, -0.0053222994, 0.041638054, 0.045115728, 0.044943262, 0.053467985, -0.0152380355, -0.057774074, -0.04507264, 0.08266359, -0.09775814, 0.064684495, -0.04741548, -0.048723113, 0.012981742, -0.0017375251, -0.0071500256, 0.05778604, -0.032711253, 0.012553369, -0.014593727, 0.046242632, -0.018772017, -0.034062162, 0.039934218, 0.017947854, -0.020612298, -0.0055415207, -0.043943726, -0.028552104, -0.002484766, -0.005976643, -0.045738563, 0.080109134, -4.7244088e-05, 0.020997645, 0.03285286, -0.044370797, 0.016861022, 0.008752935, -0.057200745, -0.027925005, 0.013025365, 0.021171238, 0.037745133, 0.023116864, 0.021314226, 0.027672766, -0.004579232, 0.02959233, -0.030354593, 0.012979732, -0.018783404, -0.0016304402, -0.056417033, 0.023687901, -0.03927957, -0.01673486, -0.03539141, 0.00022489912, -0.06420391, 0.01021998, -0.0066078505, -0.0016299067, -0.030034918, 0.016227202, -0.0064811613, 0.05483454, 0.010274621, 0.03196723, -0.06904426, -0.020631617, 0.010501069, -0.0023128185, 0.015327531, -0.043345638, -0.0017695661, 0.007710644, 0.010804584, 0.014699904, -0.005394748, 0.03713792, 0.014556166, -0.03522736, -0.05329426, -0.013866616, 0.021183826, -0.009647898, 0.027321769, -0.0032848788, 0.032528665, 0.02246597, -0.072973475, 0.002901427, 0.00850616, -0.014657802, -0.013150563, 0.009735878, -0.051161714, 0.032835804, -0.0012477129, -0.006133371, -0.010295907, -0.050958842, -0.015776437, -0.032725453, -0.012898307, -0.0060822894, -0.047250453, 0.00022278859, -0.00042948703, -0.04656547, 0.031350046, 0.0029335064, -0.017252587, -0.0020686525, 0.016939348, 0.0035749786, -0.004931712, 0.029381102, -0.036210056, 0.049334638, -0.026985507, -0.030860182, -0.021485278, -0.0003316849, -0.063069895, 0.053206656, -0.029827641, 0.03297059, 3.6740246e-05, -0.051589083, 0.0021180846, 0.034880016, 0.040254552, -0.0012455175, -0.011713373, -0.00050733285, -0.052742284, -0.0897855, 0.057253994, -0.0013305149, 0.029296402, -0.005020484, 0.003731101, 0.03073103, -0.0019837283, 0.0012031813, 0.015415683, 0.04349717, 0.0013119364, 0.0104115335, 0.027751358, 0.046303302, -0.023037087, 0.099595234, 0.041688427, 0.027095066, -0.032277126, -0.0068518445, -0.02305902, 0.021502208, -0.049236875, -0.023239074, -0.048614513, 0.025222624, 0.029604807, -0.036955193, -0.010816524, 0.037385043, -0.038599953, -0.010760874, 0.0411082, -0.08802823, 0.0016326626, 0.032073673, -0.0053941086, -0.021685256, -0.0129192695, -0.005092077, 0.06552178, 0.04678239, 0.03369626, -0.019694537, -0.0025389069, -0.002147839, -0.015751496, 0.06395448, -0.058599465, 0.0010245412, -0.04969764, 0.04705932, -0.05278868, 0.041810736, -0.053161908, -0.00028990794, 0.0038929407, 0.002686595, -0.093601525, -0.011689404, 0.021897554, -0.038134124, -0.072266825, -0.0514017, -0.005924819, -0.012102784, 0.0042934576, -0.0052041393, 0.054636303, -0.039667554, -0.004778935, 0.02157465, 0.024858776, -0.025595095, -0.036057223, -0.008664034, -0.046443302, -0.059418526, 0.040038202, 0.013295526, -0.002751085, -0.028732773, -0.019840889, -0.0358387, 0.0036962174, 0.04827977, -0.0173566, -0.084903024, -0.040753633, -0.015067186, -0.028920539, 0.015858619, -0.016191116, 0.0029347825, -0.034866165, -0.04047709, 0.025662528, -0.052355886, 0.0019119845, -0.022434236, -0.0005994268, -0.027094325, -0.045808382, -0.050379343, -0.019542858, -0.03376652, 0.0045437515, 0.014200339, 0.045480322, -0.032000985, -0.053034242, -0.042990167, 0.001961756, 0.049233615, -0.044435017, -0.03612332, 0.0043573617, -0.022932164, 0.031454958, 0.045631547, 0.0285365, -0.01933529, 0.007117612, 0.09311009, 0.0371042, 0.00103659, 0.007508714, 0.010083735, -0.03309539, 0.018383773, -0.08395758, -0.08524929, -0.07130064]"
sop-pengajuan-kredit.md-6,## 3. Tahapan Proses Pengajuan Kredit,sop-pengajuan-kredit.md,"[0.019993937, 0.04658034, -0.17837091, -0.028724033, 0.023510234, -0.0010334757, 7.387593e-07, -0.015415693, -0.03079932, 0.012428756, 0.01502383, 0.016784025, 0.004217029, -0.01746381, 0.007399046, -0.031259093, 0.010508623, -0.02636263, -0.029019874, 0.07545742, -0.059476443, 0.022296444, -0.057945125, -0.04272321, 0.07854515, 0.014176545, -0.01419324, 0.0048690727, -0.024288604, -0.04806079, 0.0012333095, -0.053695936, -0.05255354, 0.004072833, -0.021176305, -0.06545801, 0.08910226, 0.056831565, -0.008242177, -0.0866072, -0.010864234, 0.018714072, 0.03416054, -0.024914004, 0.013716606, 0.049737446, 0.026967747, 0.030093545, 0.043705307, -0.027802074, -0.025016274, 0.01314875, -0.0061189053, -0.036432337, -0.015277499, 0.08316434, -0.040418375, -0.0098735, -0.03035658, -0.015760634, 0.05021713, 0.088900276, 0.014489125, 0.027847432, 0.050497126, -0.07307588, -0.018015489, 0.07204688, -0.01914994, -0.02569096, 0.05417464, 0.010260633, 0.041399144, 0.0075864997, -0.010813155, -0.016288467, -0.03338911, -0.039932374, -0.01057571, 0.048945457, 0.018309291, -0.02649183, 0.10706311, 0.00032394886, 0.05183973, 0.0056995843, -0.024201164, -0.024730384, -0.04570102, 0.018171715, -0.0143315, -0.029190175, 0.014682456, 0.021747619, -0.068873234, 0.02970267, -0.004395435, 0.03434294, -0.010777625, -0.019190947, -0.029856777, -0.021040397, 0.07802173, -0.0073486646, 0.034126416, 0.036134936, 0.0051350356, 0.023411786, 0.016519997, -0.008143227, -0.008019377, 0.020516558, -0.022065274, -0.035438746, 0.03552115, 0.024706656, 0.020373963, -0.014965738, 0.03099836, 0.037496664, -0.018786827, 0.008844063, -0.01748183, 0.05139779, -0.0011992364, 0.014369263, -0.05139194, 0.037709735, 0.03506629, -0.016449368, 0.0028906548, -0.0024180755, -0.028458992, -0.050471243, 0.035582602, 0.054749127, -0.035017528, 0.009054145, 0.019232158, 0.013474925, 0.06355408, -0.014034566, 0.007757042, 0.0010667113, -0.033815574, -0.06033388, 0.05613038, -0.017758312, -0.0041330555, 0.011121394, 0.0057132323, -0.00022769271, 0.0012419344, 0.02483981, 0.01886934, -0.03460083, 0.0068926318, -0.037624944, 0.014965079, 0.021500364, 0.033025283, -0.007915565, 0.00810089, 0.058628898, 0.018974504, -0.058569755, 0.017876765, 0.089179344, 0.034154095, 0.067402355, -0.061105967, -0.026239669, -0.021028155, -0.03320735, 0.011012368, -0.043317936, 0.020337854, -0.03833725, -0.023301987, -0.017339978, -0.0027281821, -0.019289132, 0.054292083, 0.066717476, -0.027871855, -0.008385633, 0.015084836, -0.025187816, -0.012834794, -0.059267905, -0.029828958, 0.07055014, -0.01904897, -0.004407874, -0.004690305, -0.062936805, 0.055698786, 0.059962854, 0.029462589, -0.050687343, 0.017851237, -0.028541058, -0.05227476, 0.00910612, -0.035412025, 0.029021176, -0.013880524, 0.050806843, -0.0061707944, 0.031203346, 0.03000517, -0.007260889, -0.04087047, -0.01295218, 0.03663945, -0.029789936, 0.008134917, 0.005475785, -0.03841219, 0.008076118, 0.0067156088, -0.025037326, -0.03918129, -0.030533837, 0.0037339728, 0.007213659, -0.0058341376, -0.029038165, -0.0007518048, -0.018913005, -0.02530203, -0.09280773, -0.0049070898, 0.02410522, 0.020840503, 0.0205734, -0.0078199925, 0.050237168, 0.035404194, 0.0026626985, 0.007881807, 0.09913611, 0.004161875, -0.027539661, 0.0058915108, 0.04160306, 0.023216683, -0.045359965, 0.0054549538, 0.040344313, 0.0017808318, -0.03171036, 0.064731844, 0.016514253, 0.02664513, -0.038751848, 0.002692498, 0.032966897, 0.041912626, -0.023719605, 0.02792176, -0.0143937655, 0.060577493, -0.040784728, -0.01756331, 0.0044185417, -0.056929212, 0.029190091, 0.012120361, -0.029910514, 0.007461297, -0.021284718, 0.03853175, 0.06542117, -0.018382156, -0.00812135, 0.041868396, -0.07694506, -0.0694257, 0.01142162, -0.02593018, -0.022851648, 0.030187164, 0.0020043203, -0.022691056, 0.032806974, 0.0036330612, -0.0013714613, -7.737206e-05, 0.033217184, 0.042483274, -0.020507557, -0.009353132, 0.062009916, 0.0101048285, 0.0043456964, 0.08719671, -0.007757509, 0.031366732, -0.04183609, 0.03916839, 0.009423651, 0.026862416, 0.049474332, 0.03162418, -0.008249416, 0.05404776, 0.04519744, 0.028148381, 0.017961098, -0.062342543, -0.020941917, -0.029947827, 0.032879133, -0.054717034, -0.0020903363, 0.00989753, 0.048652243, 0.01258001, 0.053049225, 0.0058407374, -0.021277733, 0.015814112, -0.031482052, -0.024285687, 0.05050395, -0.018150631, 0.040907416, 0.029043874, -0.05409665, -0.03351884, 0.038080994, 0.033611357, -0.071698934, -0.031231577, 0.04196009, -0.00012760534, 0.035983846, -0.0072922744, 0.03127742, 0.05390811, -0.024021767, -0.011507503, -0.060536955, -0.031764336, -0.015782597, -0.022148104, -0.05371177, 0.050892897, 0.052928086, -0.008296887, -0.0010554623, -0.012445162, 0.0146565605, -0.01761856, -0.018100657, 0.032595553, 0.006617445, 0.011829168, -0.013097292, 0.042860694, -0.05360307, 0.04589555, 0.017216913, -0.025171112, 0.03552825, 0.030125324, -0.056523662, 0.034122605, -0.005248253, -0.022147488, -0.013273663, -0.028526193, 0.02351788, 0.010592299, -0.020755256, -0.09357135, -0.018590003, -0.033899013, 0.053467594, 0.04524542, -0.03427152, -0.004822902, 0.04844411, 0.007875196, -0.016953653, -0.011940544, 0.0066539636, -0.0054484042, 0.005346598, -0.018886296, -0.051767364, -0.07661535, -0.0012823185, 0.020651115, -0.02651708, 0.070929475, 0.04225629, 0.01805272, 0.022452451, -0.03519843, -0.04893898, -0.016815398, -0.056209818, 0.03189077, 0.0349841, 0.025210349, -0.07230303, 0.016797803, -0.020167373, -0.017021894, 0.048542768, -0.025718262, -0.03846663, 0.008278505, -0.050944243, -0.007773902, 0.005242734, -0.0037653453, -0.020968404, 0.038744844, 0.054593727, -0.022330297, -0.00719593, 0.02644738, 0.002118361, 0.024244409, 0.043770723, -0.009770108, -0.019700224, 0.026332922, 0.019924989, 0.028309511, -0.02968527, 0.020297615, -0.026654255, -0.030063784, 0.060389295, 0.011410332, 0.009369499, 0.028371664, 0.026852448, -0.048417598, -0.0285751, 0.022436248, 0.06467524, 0.018720679, -0.053646527, -0.02365043, 0.0080018, 0.039897695, 0.02286521, -0.04665386, 0.030471815, 0.039993264, -0.012082962, -0.051597916, -0.03453634, 0.01577824, 0.03287262, -0.007415528, 0.06797918, -0.06026777, -0.011256821, 0.016996512, -0.043646336, 0.051972613, -0.019384138, 0.023799717, 0.046655305, -0.029945828, 0.036524463, 0.07065418, -0.05159327, -0.024714924, 0.009060765, -0.0078963945, -0.0022315, -0.010357498, 0.06662256, 0.061041202, 0.012764549, -0.035347477, -0.013794141, 0.02142518, 0.036772903, 0.028094035, -0.026110778, 0.04930383, -0.012519042, 0.022094367, 0.05519452, 0.04874742, 0.009915633, 0.015907252, 0.018619116, -0.04631214, 0.0137927495, 0.0121603925, 0.028825294, 0.03609997, -0.02418597, -0.020219706, -0.015518551, 0.059050072, -0.07357868, 0.008583412, -0.054555822, -0.046147004, 0.036995795, -0.017039552, -0.007218652, 0.02660181, -0.009125198, 0.015103879, -0.0034852987, 0.03246316, -0.043266367, -0.039991032, 0.03740369, -0.023102324, -0.00036477364, -0.025203768, -0.053116813, -0.025045723, -0.005641952, 0.0015792347, -0.03444997, 0.02812253, -0.065110244, -0.019872848, 0.015373563, -0.014458214, -0.0026637833, -0.008552981, -0.054910332, 0.0035935214, -0.005349753, 0.037338737, 0.043886334, 0.04518202, -0.009834386, -0.0065819756, -0.015548527, 0.032366417, -0.023498071, -0.046832077, -0.018881489, -0.0009499925, -0.09447628, 0.05007503, -0.0589777, -0.016387574, -0.038630474, 0.047228042, -0.040168233, -0.032397844, -0.037925787, -0.014394802, -0.04088624, -0.002445841, -0.00547243, 0.079965316, 0.010708461, 0.05220654, -0.0643224, -0.040077098, -0.008774447, 0.01883578, 0.027151681, -0.02604517, 0.001364048, -0.038106907, -0.01563038, 0.02734089, -0.003537123, 0.016614929, 0.0256115, -0.033786386, -0.025305925, 0.020249046, -0.015662879, 0.024964968, 0.008768133, -0.017450148, 0.005963652, -0.003257709, -0.08117743, 0.00888822, -0.02208101, -0.024428077, 0.037190277, -0.007780613, -0.024146397, 0.03650618, 0.036145464, -0.015843332, 0.030254748, -0.02828038, -0.024705669, -0.037419762, 0.017384533, 0.018487059, -0.049452994, -0.018793408, 0.012685538, -0.008918926, 0.021240527, -0.025559677, -0.0017264815, 0.053274896, 0.028485296, -0.013313903, 0.010289622, 0.05963451, 0.006083134, 0.087589905, -0.0018514842, 0.010916484, -0.070897095, 0.00086444605, -0.041394103, 0.07836227, 0.0009846837, 0.029202135, -0.04063656, -0.07372526, -0.017486304, -0.03544254, 0.07239816, 0.0076804035, 0.0029941765, -0.07425066, -0.019242682, -0.049466472, -0.014356791, -0.024898361, 0.033793632, 0.0063271136, 0.044156637, 0.02585444, -0.0055792397, 0.007678327, 0.015706614, 0.03948362, -0.016932152, 0.044596545, 0.046335272, 0.040240057, -0.02693751, 0.07519276, 0.047905613, 0.03847506, -0.013123648, 0.0062790974, -0.034937084, 0.03674686, -0.03437502, -0.049073372, -0.041714247, -0.012403825, 0.0056777927, -0.005297902, -0.0212779, 0.024756903, -0.00037272347, -0.0057704113, -0.01499259, -0.057429906, 0.023825606, 0.008032934, 0.02646644, 0.008033757, -0.007573297, -0.02914776, 0.0315437, 0.06269768, 0.0153052285, -0.006307132, 0.03021296, -0.02982854, 0.04287914, 0.029779125, -0.0153983105, 0.013542623, -0.023356, 0.059080247, -0.018026503, 0.024967313, -0.04383559, 0.017480774, -0.004945052, 0.0384489, -0.030114748, 0.00092484156, 0.012807729, -0.011110111, -0.048962496, -0.034403883, 0.07084417, -0.051706873, 0.011070865, 0.011257632, 0.06565615, -0.09893136, -0.04266431, 0.020654006, 0.014616644, -0.03978854, 0.015022945, -0.011835085, -0.0195876, -0.003954934, 0.10347909, 0.035161592, -0.01604939, -0.037519723, -0.05703258, -0.04461504, -0.017298473, 0.036737666, 0.047986247, -0.04056314, -0.06615888, -0.066689864, -0.016494013, -0.0056280196, -0.058033843, -0.014242853, -0.0074066366, 0.00084567576, 0.0030780653, -0.053933203, 0.058437016, 0.021247346, 0.038287427, -0.037766855, -0.028517144, -0.030138537, -0.021673236, -0.020098094, -0.0093745105, -0.0061997226, 0.07151276, 0.0014196318, -0.020895025, -0.027341472, 0.040782895, 0.02449233, -0.009284038, -0.03139257, -0.044191435, -0.016471133, 0.02496918, 0.029790528, 0.007975708, -0.03632415, 0.03780342, 0.04350768, -0.0002905699, -0.0052981195, 0.020455485, -0.03687721, -0.037750494, 0.010585528, -0.036162518, -0.065483615, -0.059725527]"
sop-pengajuan-kredit.md-7,"### Tahap 1: Pengajuan dan Verifikasi Dokumen
**Estimasi Waktu: 2-3 hari kerja**
- Nasabah menyerahkan semua dokumen ke bagian Customer Service atau melalui online platform
- Tim administrasi melakukan verifikasi kelengkapan dokumen
- Jika kurang, bagian administrasi mengembalikan dokumen ke nasabah untuk dilengkapi",sop-pengajuan-kredit.md,"[-0.0058658184, 0.033747822, -0.20426355, -0.03203728, 0.07604403, -0.008623677, 0.031090345, -0.0060742884, -0.0062040724, 0.0065754247, 0.014225463, 0.018411798, 0.038846634, 0.03556387, -0.007821833, -0.012256245, 0.04773001, -0.048612997, -0.0854948, 0.03146095, -0.03103842, -0.045830566, -0.050634496, -0.062104583, 0.058823515, -0.00051232707, -0.029536676, 0.026402975, -0.028273512, -0.010884592, 0.0015230522, -0.033729143, 0.0050610453, -0.024206195, -0.0017264319, -0.048165962, 0.07696924, 0.01174804, 0.020384645, -0.051362775, -0.0012531925, -0.035057854, 0.0064819762, 0.014998375, 0.035611045, 0.015523988, 0.03761398, 0.056664128, 0.07554351, -0.045330297, -0.028049452, -0.011980501, 0.010895069, 0.007617903, 0.012999774, 0.03642401, -0.0322742, 0.017825011, -0.008865757, -0.020688085, 0.03644569, 0.058485117, -0.04054145, 0.08977872, 0.021607028, -0.021700019, -0.023772303, 0.07645359, 0.0016220012, -0.04945056, 0.027353475, -0.028980507, 0.00318478, -0.018323207, 0.012944089, -0.025846895, -0.02356581, -0.06361883, -0.016885288, 0.04573809, 0.047774445, -0.027622957, 0.08921365, -0.0014818682, 0.082720965, -0.022414312, -0.0049715615, 0.007266027, -0.04552127, 0.06547663, 0.011148374, -0.014511155, 0.026747072, 0.026963674, -0.01822343, 0.027961401, 0.007669066, 0.017151603, 0.023914218, -0.04208842, 0.0021453022, 0.008586121, 0.07166048, 0.011904146, 0.032926336, 0.037826452, 0.0103871785, 0.04704728, 0.008427086, -0.058591176, -0.012983014, 0.01640617, 0.00501958, -0.013039763, 0.031078812, -0.0027517746, 0.030623268, -0.010626082, 0.050698932, 0.032202177, -0.018597415, -0.04230758, -0.037753846, 0.052768238, 0.01428233, -0.013118713, -0.075716525, 0.026407324, -0.034998976, -0.032182246, -0.014235916, 0.010471496, -0.03177414, 0.008077807, 0.0012565984, 0.05547613, 0.018122606, -0.004226246, -0.0003324381, 0.031505022, 0.060796198, 0.028474107, 0.0053215376, -0.021177707, -0.011277615, -0.046605583, 0.042296372, -0.03218729, 0.004160705, -0.01787939, 0.0052829958, -0.043062348, -0.013696991, 0.06723273, 0.03434407, -0.051979553, -0.038254, 0.00815547, 0.029583804, 0.038529582, 0.059390772, 0.019856853, -0.0296855, 0.051287644, 0.032424364, -0.027318178, -0.02146462, 0.031518098, 0.015761979, 0.035326004, -0.011618338, -0.038836025, -0.03024802, -0.061302718, 0.0340634, -0.026943346, -0.0047090254, -0.035632726, -0.006487967, -0.03393659, 0.023735901, -0.058594923, 0.052960474, 0.041107595, -0.052222934, -0.06201544, 0.035632115, -0.041433338, -0.010099893, -0.05926319, 0.009222273, 0.032793574, -0.024440799, -0.014797917, -0.010574093, -0.06002226, 0.111288734, 0.038819756, 0.0036217864, -0.06935243, 0.0042623556, 0.0034111755, -0.035721425, -0.025206076, -0.0045565255, 0.044269525, 0.007964849, 0.020200677, -0.0043419525, 0.012825912, 0.040164437, 0.03423489, -0.05047446, 0.004851436, 0.035499644, -0.03771123, -0.0046803113, -0.03913448, -0.028233672, -0.027399914, 0.027897889, -0.011545199, -0.0033357078, -0.029334346, 0.0111375, 0.0070187203, -0.010415955, -0.036733437, -0.030298619, 0.0022496765, -0.014219181, -0.09218867, 0.0016639578, 0.036380928, 0.019516703, -0.0020897712, -0.005432685, 0.065916084, 0.06429401, 0.023810174, 0.04552955, 0.04449837, -0.0069851964, 0.018796831, -0.03469018, 0.018523816, -0.018881647, -0.07574763, 0.008315223, 0.034307968, 0.007648805, 0.008611502, 0.06262844, -0.018284542, 0.015531299, -0.06032541, 0.030856533, 0.029997967, 0.056407534, 0.0008371076, 0.020985436, -0.04996999, 0.040427152, -0.040083826, 0.007878539, -0.057891794, -0.02955122, 0.024718849, 0.017266996, -0.059299257, 0.04863602, 0.020947509, -0.015990492, 0.05922861, 0.003365726, 0.017514056, 0.015681054, 0.0039319023, -0.014151933, 0.033871103, -0.0286447, -0.019116959, 0.00069995516, 0.014158552, 0.015419147, 0.013898828, 0.019438954, -0.012514477, -0.021694088, -0.0020833428, 0.0499526, -0.027056001, 0.012185544, 0.058831003, -0.016694525, 0.005388975, 0.051604953, -0.026967773, 0.037407648, -0.046559274, 0.011819736, 0.045381233, 0.026959633, 0.050698545, 0.0045105, -0.0007017419, 0.035180148, 0.03311336, 0.09376179, 0.03239256, -0.04364832, -0.007624396, -0.054374073, -0.008801269, -0.035346314, 0.0064897286, 0.0039883247, 0.06372005, -0.010135166, 0.059956618, 0.000894323, -0.05238408, -0.045574162, -0.023898859, -0.0020075415, 0.04462967, -0.04961967, 0.0513448, 0.02727289, -0.037437093, -0.019471979, 0.044920303, 0.022209063, -0.10640168, -0.023403818, 0.047375623, 0.006883237, 0.01194861, 0.002522602, 0.03251938, 0.033390224, -0.0223885, -0.04337491, -0.06876739, 0.010073582, -0.016897663, -0.044842023, -0.06497156, 0.03929039, 0.0726285, -0.011850942, -0.010784656, -1.4273803e-05, 0.019384129, 0.011489884, 0.0040440024, 0.03637077, 0.029278006, 0.00084324833, 0.0044561075, 0.06701947, -0.012873949, 0.04959881, 0.0028997478, -0.0067186384, 0.0134821655, 0.03236402, 0.004457367, 0.042375896, -0.007798356, -0.0044175433, -0.027758066, -0.040963005, 0.011673926, 0.044024847, 0.040316205, -0.061968125, -0.04757986, -0.030825906, 0.064830236, 0.038000073, -0.015613628, 0.0050158673, 0.02730817, 0.034771908, -0.03167906, 0.026595479, -0.013287962, 0.011798875, -0.0430749, 0.0021480091, -0.056260794, -0.028072309, -0.0014304466, 0.035780877, -0.052714497, 0.06687764, 0.0057729413, 0.0009983935, 0.014730133, -0.035089493, -0.023701109, 0.00011177111, -0.043056846, -0.015387822, 2.8199522e-05, -0.0010450106, -0.048693307, 0.06403269, 0.0010981229, -0.0034936448, 0.045144267, 0.0053312946, -0.06771453, 0.025109725, -0.016571779, 0.017319502, 0.002812043, 0.006575274, -0.027522366, 0.040695526, 0.028076258, 0.022219917, 0.014823553, 0.026062345, 0.021108514, -0.001696597, 0.054898027, -0.019613672, -0.04323667, 0.023138214, 0.015897619, 0.023967722, -0.011774393, -0.023761202, -0.006455075, 0.021650309, 0.049859703, 0.034585394, -0.00069466943, -0.013767235, 0.017628876, -0.05768513, -0.023108901, 0.038404252, 0.0648315, 0.04180063, -0.050405756, -0.03607161, 0.046095528, 0.015477879, 0.013667147, 0.005858569, 0.037850622, 0.04039885, -0.039935872, 0.025716214, 0.011825775, 0.018575193, 0.04403947, -0.013614604, 0.025931962, -0.043215424, 0.01064337, 0.008822993, -0.043368515, 0.024210956, 0.0074392366, 0.02077872, 0.05916701, -0.064870305, -0.0037080615, 0.06668619, -0.028471805, -0.020306207, -0.010934539, -0.060966715, 0.003025021, 0.01030444, 0.07264819, 0.019195804, -0.033754915, -0.020241378, -0.014595019, 0.012797022, 0.03964666, 0.062005766, 0.010602096, 0.03732875, -0.012720402, -0.0018164858, 0.019332169, -0.0061137727, -0.021845417, -0.00065091497, -0.0027895174, -0.050786622, 0.03583979, 0.031081622, 0.030899793, 0.002237695, -0.0021713336, -0.015983142, 0.016643515, 0.042595603, -0.058965854, 7.316142e-05, -0.06653936, -0.050722625, -0.0028237961, -0.013766329, -0.025647106, 0.03258793, 0.015907692, 0.04235449, -0.025539665, 0.029058611, 0.028844528, -0.057280477, 0.05510189, 0.024368865, -0.0016295823, 0.0058810073, -0.06180077, -0.05437184, 0.0039204336, 0.00048660042, -0.04858499, 0.07363173, -0.040109407, -0.010756391, 0.052396815, -0.041421548, -0.019134527, 0.0021873885, -0.017559748, -0.03032668, -0.0040719463, 0.055433966, 0.050089147, 0.02408951, -0.0014081335, 0.028637704, -0.00015954589, 0.033483606, -0.04062442, -0.050040156, 0.0082201045, 0.0068680276, -0.046970338, 0.043508176, -0.051949933, -0.0028380249, -0.015168171, 0.0071524642, -0.017065963, -0.02906537, -0.02265795, 0.000792564, -0.046022635, -0.0047996785, 0.0060308697, 0.081425555, -0.03328733, -0.00040557436, -0.039746836, -0.005650487, -0.0045949146, -0.032273795, 0.014860329, -0.029148232, -0.0019398844, -0.04065176, -0.020267468, -0.003259866, 0.027645715, -0.0097598685, -0.016463147, -0.049565863, -0.045527242, 0.021089703, -0.0018712097, 0.027284099, 0.02788488, -0.018304162, 0.012084023, -0.03250686, -0.06513397, -0.008091758, -0.009995358, -0.017488161, 0.034032244, 0.040659454, -0.03347784, 0.026903762, 0.02452267, 0.025848482, -0.009376892, -0.045590345, -0.041009557, 0.021366647, -0.026021952, -0.011676295, -0.04946431, 0.040159803, 0.023917433, -0.032002248, 0.01604922, -0.018171515, -0.04862006, 0.030361727, 0.024015693, -0.025435373, 0.018999217, 0.024973206, -0.012667608, 0.08955195, -0.0071461615, -0.0033154504, -0.01457364, -0.017988497, -0.058392026, 0.096132115, -0.009194101, 0.02942346, -0.018417235, -0.03292853, 0.0025123975, -0.017308082, 0.060451504, -0.02077637, -0.012126706, -0.026089424, -0.011633759, -0.0676299, -0.0015652436, -0.011468212, 0.015888222, -0.026088884, 0.027256224, 0.030683601, -0.009146503, 0.020230692, 0.023948643, 0.037086915, -0.03845363, 0.0502064, 0.061097667, 0.018836709, -0.017377755, 0.06777511, 0.046255697, 0.01903232, -0.004962909, 0.006443557, -0.066851616, 0.010712619, -0.03767162, -0.059122533, -0.022528974, 0.036247317, 0.02141505, -0.030108163, -0.009672802, 0.059620976, -0.01902629, -0.018569529, -0.010603851, -0.0711694, -0.032038037, 0.057308946, 0.05279241, 0.012462979, -0.0074057803, -0.0033298454, 0.026125588, 0.03643886, -0.005666466, -0.010988132, 0.021619081, -0.04134399, 0.007841873, 0.054496545, -0.0047212, 0.019861534, -0.060231045, 0.04844804, -0.021172678, 0.029021984, -0.04480263, -0.0131155085, -0.064533666, 0.0020116214, -0.03855673, -0.0069684396, 0.009843463, 0.014149739, -0.090378895, -0.07743627, 0.023306305, -0.042463962, 0.0047116624, 0.028775198, 0.025435207, -0.028790457, -0.01733541, 0.015402451, 0.0010855157, -0.040829424, -0.018854529, -0.01773307, 0.012781891, -0.059398938, 0.06575324, -0.0073912153, -0.0063736704, -0.022370307, 0.0043383716, -0.01636453, 0.00129793, 0.07619221, 0.025397893, -0.07370122, -0.05795771, -0.040065356, -0.0070326854, -0.016122257, -0.04231511, 0.005986182, -0.0158874, -0.033807185, 0.009042528, -0.04953273, 0.07214359, -0.03318543, 0.045292035, -0.015266611, 8.629472e-05, -0.07494003, -0.019493697, 0.005721093, 0.010358884, 0.029932754, 0.05221613, -0.036391586, -0.07544232, -0.034982096, 0.04320088, 0.03911552, -0.03654818, 0.0076343757, -0.039388355, -0.06977845, 0.044366945, 0.002100037, 0.0011077287, 0.0061370702, -0.0019852156, 0.057707407, 0.014888803, 0.0009718403, -0.015386629, -0.013478538, -0.03886064, -0.0028593442, -0.031706583, -0.06837002, -0.044866737]"
sop-pengajuan-kredit.md-8,"### Tahap 2: Analisis dan Penilaian Kredit
**Estimasi Waktu: 3-5 hari kerja**
- Tim Credit Analysis menilai kelayakan kredit berdasarkan dokumen yang diserahkan
- Verifikasi data melalui BI Checking (Bank Indonesia Checking)
- Pengecekan saldo rekening giro/tabungan untuk validasi penghasilan
- Analisis kemampuan pembayaran (debt-to-income ratio maksimal 50%)
- Penentuan plafon kredit dan tingkat bunga",sop-pengajuan-kredit.md,"[0.039245468, 0.037602596, -0.18041979, -0.040390667, 0.027982868, -0.007599153, 0.037673604, -0.01029369, -0.026659917, 0.011890201, 0.014641411, 0.028359542, 0.04518493, -0.0051370272, 0.040453084, -0.046893217, 0.020999812, 0.011658385, -0.06466615, 0.06745508, -0.068340406, -0.011628312, -0.03778575, -0.032966375, 0.082980126, 0.035840455, -0.040232327, 0.03240867, -0.038695786, -0.0016263141, 0.013999709, -0.04380933, -0.016801575, -0.03633126, -0.037394676, -0.061218683, 0.113526486, 0.03594328, 0.006895593, -0.081513725, -0.024450868, 0.025142817, 0.039337672, 0.0069975206, 0.013678472, 0.029095953, 0.05107991, 0.08080494, 0.068967275, -0.042678345, -0.05173832, 0.022864653, 0.024031501, 0.04165422, 0.006300551, 0.044003237, -0.05788522, -0.005331435, 0.035378132, -0.051958036, 0.034816373, 0.045882676, -0.027702447, 0.061029334, 0.0032483707, -0.06415928, -0.0037790816, 0.056059334, -0.0053519625, -0.04469553, 0.042243496, -0.046296448, 0.00806633, -0.027227512, -0.011934147, -0.008910768, -0.0073283785, -0.044335175, -0.0033751419, 0.05348642, 0.028784437, -0.011276751, 0.08963304, 0.0007006124, 0.05866513, -0.016695669, -0.017966652, -0.014912892, -0.035512768, 0.04835174, 0.02720204, -0.00975615, 0.05553385, 0.02604604, -0.027919466, 0.044907507, 0.007511943, 0.011242368, -0.0097978255, -0.03158334, -0.014012951, -0.005971163, 0.067139134, -0.0016389327, 0.057932124, 0.019409629, -0.003970378, 0.050798513, 0.015932856, -0.050538976, -0.03337545, 0.009414464, -0.023455398, -0.05178211, 0.026069716, 0.0050528543, 0.016691716, -0.0020483688, 0.028881157, 0.052248504, -0.04729508, -0.014416697, -0.014531771, 0.06378411, -0.016824849, -0.029710412, -0.069974065, 0.03218451, 0.020538008, -0.03365889, 0.026639232, -0.010706404, -0.006056852, -0.012053158, 0.015912432, 0.07315473, -0.0010287876, -0.0054197107, -0.021742158, -0.00088978675, 0.04004904, -0.00664999, 0.008725535, -0.016626308, -0.01081266, -0.021072583, 0.0655633, -0.00050961255, -0.029050717, -0.011429381, -0.007162452, -0.029972585, -0.023017753, 0.036195114, 0.017015846, -0.030246256, -0.03444626, -0.0024049073, 0.030542811, 0.045384012, 0.025757497, 0.0125095295, 0.006169665, 0.0704362, 0.007521597, -0.04179854, -0.0011866585, 0.059952736, 0.040771496, 0.05668156, -0.024120592, -0.03613423, -0.020573903, -0.050343663, 0.03915467, -0.02217754, 0.026549876, -0.010175439, 0.018068504, 0.03995191, 0.0192603, -0.027677683, 0.06777575, 0.048757397, -0.017992962, -0.08649738, 0.048382107, -0.011696774, -0.006322832, -0.06614461, 0.013085073, 0.030009946, -0.045671824, -0.006206133, -0.0160283, -0.035119332, 0.0808068, 0.006147894, -0.0057291933, -0.03560094, -0.0047916532, -0.0066259243, -0.0683256, -0.025112877, -0.023572601, 0.039589174, -0.02008545, 0.0023167233, -0.023028824, 0.023997748, 0.007757441, 0.041423533, -0.05678045, 0.035211977, 0.015302804, -0.035353597, -0.0052989544, -0.0034157673, -0.010222804, -0.02758564, 0.02909952, -0.02214922, -0.019760069, -0.0046984595, 0.02639309, -0.011347141, -0.019848807, -0.025624324, -0.025765836, -0.0011256528, -0.010458812, -0.093755946, 0.022537261, 0.007757046, 0.010541196, 0.016337115, -0.006341507, 0.07271098, 0.052956063, 0.011059982, 0.035026997, 0.07525353, -0.001152267, 0.020613324, -0.0073183915, 0.033382725, 0.013067775, -0.06439123, 0.027175665, 0.044059485, -0.013664282, -0.004418584, 0.03676925, 0.01539838, 0.01530711, -0.06133092, 0.02223486, 0.017731804, 0.04751778, 0.003467545, 0.011998011, -0.035430577, 0.051112875, -0.01855003, -0.0016460256, -0.026838342, -0.045766577, 0.0054364633, 0.002138211, -0.07382356, 0.02601449, 0.0068575144, -0.007822611, 0.0590523, 0.0044708615, -0.01695539, 0.01621565, -0.04238315, -0.058727987, 0.004478136, -0.03979441, -0.02622235, 0.013723592, 0.05465463, -0.023747647, 0.064873, 0.025874218, -0.015089791, 0.021581078, 0.00443447, 0.04628226, 0.0006434578, -0.002447598, 0.044990662, 0.011584331, 0.031181948, 0.050399538, -0.032277275, 0.023253378, -0.05364505, 0.01500876, 0.065567374, 0.033875104, 0.056437645, 0.029269, -0.021968868, 0.015357941, -0.010890254, 0.044677354, 0.022835365, -0.021289142, -0.023700664, -0.032096546, 0.017357437, -0.028990466, 0.019992776, 0.008602326, 0.0563772, 0.03128204, 0.09434264, 0.01889536, -0.054576226, 0.001488501, -0.027711587, -0.029358774, 0.02877614, -0.043712694, 0.0361322, -0.0134174805, -0.05426314, 0.006503134, 0.013226496, 0.042754486, -0.07498837, -0.04638138, 0.0275772, 0.042322077, 0.0025909515, -0.009792824, 0.033248324, 0.01414445, -0.030765226, 0.013730005, -0.07194366, -0.016425103, 0.0012598123, -0.024757724, -0.03616995, 0.0476103, 0.039302137, -0.010197361, 0.010184553, 0.00305591, -0.013375651, 0.011814405, 0.004312096, 0.049284294, 0.031764288, 0.011816346, -0.009581029, 0.061277322, -0.03396233, 0.04851425, 0.013674653, -0.01658371, -0.02652003, 0.039591428, -0.037271433, 0.043898452, -0.019252414, -0.010757288, 0.011847589, -0.029963737, 0.039668497, 0.020872645, 0.00600719, -0.074006565, -0.018780585, -0.013715223, 0.06793245, 0.05872572, -0.022266896, 0.021292608, 0.052347846, 0.024104519, -0.07412569, 0.012741953, 0.0007174659, 0.009839993, -0.026681641, 0.0071764872, -0.030674472, -0.045552015, -0.05014825, 0.056906257, -0.058106314, 0.08362713, 0.02569637, -0.01729737, 0.048584603, -0.06783585, -0.0139436675, 0.0016148103, -0.03883079, 0.019593652, 0.016442295, 0.0047619026, -0.054367412, 0.021373091, -0.012072202, -0.01257709, 0.044178285, 0.00659896, -0.04351926, 0.036868196, -0.032758202, 0.023239223, 0.0070279776, 0.01782506, -0.007247931, 0.015362076, 0.028009215, -0.0237052, 0.007471533, 0.0046402444, 0.027406408, 0.01670031, 0.052215517, 0.005706328, -0.014177758, 0.0594483, 0.024463745, 0.04641155, -0.028397044, 0.013207351, -0.0047744755, -0.007255487, 0.06244543, -0.007722323, -0.03011124, 0.0034712923, -0.0043048905, -0.062642865, -0.0026961607, 0.041315924, 0.052297674, 0.03636646, -0.05339612, -0.02806804, 0.031532336, 0.0026023667, 0.006196344, 0.015203792, 0.024348836, 0.044395693, -0.051434867, -0.017007744, 0.0059992718, 0.009852557, 0.04819826, -0.02008304, 0.0069887196, -0.065625906, -0.023448283, 0.01195117, -0.07849189, 0.034516968, -0.007942462, 0.03023637, 0.07772154, -0.0656952, 0.01156503, 0.05654495, -0.0772635, -0.011859423, -0.027441543, -0.038235094, 0.014027059, -0.0077423328, 0.048131973, 0.027861744, -0.030797048, -0.02687988, -0.00022345936, 0.023517232, 0.012969389, 0.023211887, -0.054667413, 0.018955454, -0.015902355, 0.030656338, 0.048519116, 0.01951639, -0.020527536, -0.02079137, 0.014809601, -0.023200052, 0.011556164, 0.015163604, 0.031763047, 0.025633961, 0.009739746, -0.011174499, -0.0129543, 0.060064342, -0.08099853, 0.04333805, -0.06570406, -0.041963957, 0.026663309, -0.012875654, 4.9718386e-05, 0.068339296, -0.01614979, 0.036054347, -0.011514865, 0.042568184, -0.007100614, -0.027902147, 0.03557517, 0.014095827, -0.010115328, -0.03680849, -0.035915922, -0.025088357, -0.014652282, 0.00027558615, -0.06123969, 0.055114202, -0.050451525, -0.010357908, 0.016583027, -0.025473204, 0.0035323442, 0.019800698, -0.044163708, -0.01872293, -0.005037952, 0.04562054, 0.0400804, 0.03946415, 0.023733038, 0.0051257317, -0.012523104, 0.040244956, -0.05006143, -0.015786307, -0.017419187, 0.0019375735, -0.0970038, 0.03221888, -0.035981894, 0.034868315, -0.036920287, 0.0152195785, -0.016671792, -0.022205932, -0.02948443, 0.013214235, -0.03761131, -0.027730469, -0.022444606, 0.07924169, 0.004941888, 0.012884339, -0.036767196, -0.013380195, 0.01718734, -0.0060874783, 0.0030575045, -0.022390679, 0.010984123, -0.0151854055, -0.010385419, 0.0018459652, 0.030003984, -0.00715877, 0.043674704, -0.018117541, -0.072880656, 0.039477874, 0.00010322709, 0.020048052, 0.017241549, -0.03931044, 0.019674903, 0.008420641, -0.072268955, -0.017155824, -0.0038497867, -0.0045498577, 0.033749722, 0.039296173, -0.060759563, 0.03744383, 0.0047912896, -0.0025338528, -0.00763073, -0.05030399, -0.03746389, -0.0008199708, 0.0036508508, -0.0099477945, -0.076694556, -0.0066638263, 0.0034518195, -0.040390823, 0.03995852, -0.03396903, -0.01625068, 0.00904387, 0.009254531, -0.009134672, 0.031207496, 0.029075526, -0.020869382, 0.07477315, -0.010238199, -0.014030085, -0.048571154, 0.0066408482, -0.049434572, 0.031643298, -0.034247298, 0.022565179, -0.017088069, -0.05324125, 0.007756136, -0.024394033, 0.044141393, -0.02152711, 0.0087018795, -0.05368794, 0.004505695, -0.050804686, 0.0035874215, -0.03022232, 0.02453485, 0.0058952216, 0.013825272, 0.014204661, -0.00027554104, -0.02292353, 0.0063224593, 0.0083480645, -0.01901236, 0.040537167, 0.03262323, -0.019459898, -0.01112387, 0.103253976, 0.07148462, 0.01874272, -0.035305463, -0.009886561, -0.05273575, 0.026376426, -0.016376706, 0.001154638, -0.054307643, 0.015181081, 0.044582, -0.0017652242, 0.002861179, 0.03322793, -0.015684176, -0.0178244, -0.017283957, -0.04832351, -0.020435736, 0.029496066, 0.022109713, -0.0170692, 0.021227386, -0.026442751, 0.049427554, 0.0550712, -0.023823502, -0.006046004, 0.03955274, -0.0132332845, 0.0137825245, 0.058884364, -0.0083196275, 0.017360533, -0.0020293968, 0.04026553, -0.029558001, -0.0010142279, -0.03623603, -0.01509777, -0.02179788, 0.013392553, -0.035141442, 0.003942572, 0.03543527, -0.010158071, -0.07218968, -0.05008863, 0.03852466, -0.04338558, -0.00061476434, 0.019098332, 0.007639183, -0.05794158, -0.015313011, 0.056123592, 0.002950065, -0.026367797, -0.022683837, -0.011296612, -0.019610487, -0.033299554, 0.08439658, 0.010208094, -0.016506188, -0.042226702, -0.049141392, -0.040607456, 0.009765331, 0.03792818, 0.009405051, -0.055510998, -0.05380699, -0.037967116, -0.025580032, -0.01231893, -0.021807069, -0.0046618585, -0.015816795, -0.052579198, 0.01526127, -0.0505296, 0.06867104, -0.009999474, 0.037184305, -0.02144006, -0.018497802, -0.07957703, -0.0076597747, -0.0329695, 0.018001126, 0.009530266, 0.033445485, -0.04180005, -0.05972905, -0.03165522, 0.029598268, 0.055405147, -0.016252687, -0.024417847, -0.025175944, -0.06142876, 0.035356764, 0.04595725, -0.009160117, -0.044580653, 0.018251149, 0.07967966, 0.045042694, 0.018068202, -0.0003648521, -0.040290795, -0.038753167, 0.01106023, -0.081169456, -0.06887848, -0.0365781]"
sop-pengajuan-kredit.md-9,"### Tahap 3: Persetujuan (Approval)
**Estimasi Waktu: 1-2 hari kerja**
- Dokumen hasil analisis diteruskan ke Komite Kredit untuk persetujuan
- Persetujuan diberikan untuk pengajuan di bawah Rp 500 juta (processing time 1 hari kerja)
- Untuk pengajuan di atas Rp 500 juta, persetujuan Board memerlukan waktu tambahan hingga 2 minggu
- Notifikasi approval atau rejection disampaikan ke nasabah",sop-pengajuan-kredit.md,"[0.030793019, 0.038147096, -0.16584238, -0.05812785, 0.004851498, 0.0075095985, 0.027309408, 0.029824512, -0.03615421, 0.025315717, 0.019897114, 0.04555958, 0.03341417, -0.0020439674, 0.009674381, -0.035340354, 0.0533264, -0.02634465, -0.08470928, 0.061778456, -0.045143697, -0.022959549, -0.055219635, -0.02662215, 0.06036944, -0.00084221264, 0.00950932, -0.0012270135, -0.021886444, -0.028024994, 0.014736088, -0.056500316, -0.011726492, -0.011759813, -0.018688563, -0.09211767, 0.10099159, 0.02094309, -0.0042702286, -0.08206078, -0.018806804, -0.0033512996, 0.0347471, 0.0070909574, 0.04343747, 0.029273557, 0.07787666, 0.05545064, 0.088251725, -0.05603986, -0.051076394, 0.018357407, 0.0028645394, -0.0147295995, 0.0038101738, 0.06118224, -0.045588795, -0.005571263, -0.017902855, -0.017367477, 0.041495025, 0.027111577, -0.03421114, 0.0841764, 0.05985745, -0.038916033, -0.018859776, 0.039328124, 0.009674442, -0.036861964, 0.032140307, -0.025141057, -0.013014775, -0.017877, 0.0012812447, -0.03426129, -0.016590571, -0.070903525, -0.053002726, 0.043426584, 0.036811303, -0.030372424, 0.0866019, -0.002909444, 0.03978617, -0.013781011, -0.004338689, 0.012616266, -0.06681619, 0.057720143, -0.010466871, 0.0129565615, 0.034298778, 0.030675499, -0.033823784, 0.057501435, 0.014316256, 0.0031857607, -0.020004444, -0.031797238, 0.0066193207, 0.008771027, 0.04372114, 0.010634193, 0.033469923, 0.048127595, -0.0051596165, 0.012370346, 0.036111467, -0.034606766, -0.050419632, 0.04365385, -0.023434857, -0.060057934, 0.049096063, -0.022244696, 0.014057354, -0.021263542, 0.03208666, 0.038828388, 0.005314634, -0.011502172, -0.0631559, 0.040805213, 0.0035212247, -0.0063234246, -0.088383265, 0.031466395, -0.018070458, -0.03445816, 0.014718562, 0.00066201197, -0.003468798, 0.009031952, 0.0013237415, 0.05560592, -0.0029026568, 0.0071382984, -0.01233427, 0.019932112, 0.052678183, 0.0011163966, 0.0077750375, -0.011979601, -0.018616702, -0.031186525, 0.069961496, -0.00020564736, -0.04569818, 0.0057896688, 0.007029428, 0.0075979196, 0.0054710554, 0.03666984, 0.017977443, -0.04040769, 0.002513396, -0.013361398, 0.03583817, 0.06731399, 0.048769835, 0.01960332, -0.029978015, 0.07733357, 0.0045048203, -0.038244735, -0.00060949795, 0.027559515, 0.030254712, 0.050958205, -0.011432862, -0.030301291, -0.02702882, -0.056537423, 0.0021636323, -0.025661457, 0.036303412, -0.030257663, -0.0105665075, 0.00077643065, 0.045206945, -0.04724944, 0.04915177, 0.032492552, -0.037379365, -0.02829323, 0.04702974, -0.027969621, -0.0072052265, -0.04175966, -0.009192693, 0.041412007, -0.016022792, -0.021162337, -0.030742468, -0.043625955, 0.07760964, 0.029516088, 0.00378297, -0.04477812, -0.005742094, -0.012939812, -0.04071468, -0.015627818, -0.010735201, 0.028178327, 0.00028619633, 0.047216438, -0.02763466, 0.032680884, 0.0022568307, 0.007128427, -0.026011439, 0.03433456, 0.04712212, -0.029259037, 0.007402075, 0.0053658886, -0.017177911, 0.00837904, 0.03285963, -0.03299428, -0.03826585, -0.018868951, 0.027865361, -0.0051358924, 0.0048200567, -0.020586513, -0.018976735, -0.01690609, -0.021960117, -0.08266166, 0.008399039, 0.03793442, -0.0038392248, -0.00025258705, 0.005849149, 0.064224005, 0.0330049, -0.009139152, -0.0003689886, 0.07625261, -0.03275729, -0.009686889, -0.036334407, 0.0048050084, 0.003852729, -0.08968119, 0.0059500253, 0.045345332, -0.003731398, 0.02229429, 0.05377927, 0.029943217, 0.03674348, -0.054173753, 0.019190762, -0.007653627, 0.057998233, -0.014004249, 0.018686846, -0.026495486, 0.076281525, -0.059629608, 0.01819464, -0.043645937, -0.021265125, 0.0018127812, 0.017337147, -0.039238833, 0.03092279, 0.0076804985, 0.013956364, 0.06533485, 0.020410078, 0.03665524, 0.03132251, -0.040388122, -0.064463176, 0.016977973, -0.060606238, -0.020702407, -0.021475714, 0.0084957285, 0.012123019, 0.051440902, 0.045969326, -0.02297989, -0.0054594995, 0.031527977, 0.031199263, -0.009806451, 0.010850685, 0.042768344, -0.0114093665, 0.018007196, 0.044441115, -0.055927314, 0.017074943, -0.044342574, 0.022809457, 0.05291989, 0.020996446, 0.01864657, 0.026006572, -0.03183602, 0.011313303, 0.036512345, 0.069002464, 0.018882485, -0.060224228, -0.031363983, -0.038312472, 0.014512088, -0.06409237, -0.004293392, 0.0072824354, 0.05446878, 0.028885106, 0.059242178, 0.0056542484, -0.030868832, -0.022997478, -0.007407628, -0.028050853, 0.012976813, 0.0002598467, 0.043705456, 0.029984297, -0.06174951, 0.0009369774, 0.02410193, 0.027812526, -0.085360005, -0.039665915, 0.026746528, 0.028293338, 0.010605611, 0.00045000974, 0.017592829, 0.013611419, -0.051717326, 0.017878415, -0.043051966, -0.015458598, -0.0020544296, -0.020122856, -0.06268166, 0.027242498, 0.04977309, -0.0034063375, 0.028792107, -0.004145022, -0.027687933, 0.014349734, 0.012432725, 0.053278193, 0.02030477, 0.029605504, -0.032888204, 0.053037297, -0.02103217, 0.040176447, 0.02276684, -0.025869606, -0.0059848786, 0.034476217, -0.012384056, 0.042061485, -0.024369605, -0.011363208, -0.05356138, -0.048842072, 0.043861493, 0.04826582, 0.025887521, -0.072489955, -0.028545491, -0.02456749, 0.06437349, 0.05535267, -0.011526622, -0.0076013436, 0.017787395, 0.019498972, -0.0070893983, 0.008102124, -0.0032830478, -0.0018958309, -0.0181074, -0.005108912, -0.06374611, -0.022713186, -0.0055320724, 0.008091121, -0.04631844, 0.066568, -0.016049322, -0.033641297, 0.044001084, -0.03797286, -0.05892864, -0.0071512647, -0.022043325, -0.0037837692, 0.05039064, -0.01976388, -0.049395178, 0.04049973, 0.013067713, -0.025027383, 0.053166553, 0.008736363, -0.06291287, 0.010924516, -0.036065105, 0.020581977, -0.0004914864, -0.014671209, -0.011180035, 0.01608754, 0.052241407, 0.0048149284, -0.0049596364, 0.046207044, 0.019397952, -0.00094952196, 0.07017116, -0.007199036, -0.042790312, 0.066463344, 0.027961334, 0.040855266, -0.031288303, -0.015970161, -0.01853378, -0.0018453432, 0.049590673, 0.029174061, -0.0057647643, 0.0074105463, -0.0076199784, -0.06446603, -0.038821317, 0.04038882, 0.044770706, 0.04504089, -0.054898757, -0.028908812, 0.041039642, 0.036139645, 0.01945002, -0.01559232, 0.04792981, 0.024869513, 0.003582859, -0.018124871, -0.0025063488, 0.025474919, 0.040959958, -0.013004848, 0.012761491, -0.09273095, 0.011521435, 0.028475914, -0.040428057, 0.04086404, 0.025783237, 0.02248127, 0.081141025, -0.050744783, -0.009197015, 0.0765385, -0.03024994, -0.04885928, 0.011206516, -0.029585497, -0.015439917, -0.0028766915, 0.043352798, 0.037697855, -0.015883887, -0.0016100615, -0.040296543, 0.044132635, 0.014713242, 0.060909204, -0.012330386, 0.023482628, -0.03644049, 0.011518545, 0.03632508, 0.011094706, -0.006909361, 0.012493114, 0.00936137, -0.05004971, 0.0045559728, 0.029725054, 0.029440913, 0.004127377, -0.027725399, -0.022783257, 0.0008066044, 0.02790344, -0.0864929, 0.020745594, -0.07838266, -0.040824905, -0.0019806058, -0.011275689, 0.005272968, 0.057369534, -0.034303647, 0.007156753, -0.019565005, 0.05633026, 0.007989044, -0.04610553, 0.019766934, 0.024668168, -0.0110956095, -0.031036466, -0.044597484, -0.022098321, 0.011169638, -0.008195057, -0.047165427, 0.03625447, -0.052374423, -0.025267059, 0.03895594, -0.01864098, 0.003087967, 0.01839056, -0.04856667, -0.0057865735, 0.015636524, 0.0614088, 0.009215833, 0.023039196, 0.019327775, -0.009838713, -0.014000009, 0.027491555, -0.0010026046, -0.022892315, 0.009182976, -0.0109156445, -0.06409613, 0.04879251, -0.05113081, 0.017991833, -0.032699123, 0.035333477, -0.0031054115, -0.00079632964, -0.023258135, 0.0292691, -0.046760693, -0.014139922, -0.012927973, 0.08361483, 0.007154455, 0.021622986, -0.05791533, -0.0247192, 0.007495372, -0.052758843, 0.026455678, 0.002039263, 0.016168041, -0.014298395, 0.0023652234, -0.014621161, 0.004343467, 0.019280916, 0.008674475, -0.034129523, -0.05018872, 0.020773508, -0.02290648, -0.002912924, 0.021294825, -0.021667872, 0.015237748, -0.033423577, -0.042603817, -0.013743002, 0.014544535, -0.021051414, 0.0020138028, 0.015786014, -0.030846277, 0.04393422, 0.027564785, -0.0012004392, 0.0040038223, -0.017414458, -0.039404914, 0.012679867, -0.018968465, -0.0012029154, -0.06909436, 0.030291578, 0.0029290956, -0.0213007, 0.008493206, -0.02676421, -0.04460342, 0.0540664, 0.0333036, 0.008696901, 0.03756928, 0.031231888, -0.033163197, 0.06119624, -0.019884214, -0.021212114, -0.060121283, -0.019856097, -0.044173036, 0.07338512, -0.006852116, 0.009013348, -0.032702494, -0.0074146907, -0.002288196, -0.04333813, 0.060763787, -0.019420877, 0.012440073, -0.039203063, -0.013805182, -0.06006505, 0.0152211245, -0.02871362, 0.015515717, -0.00959286, 0.031383533, 0.05212171, 0.00482716, 0.0029447083, 0.016626367, 0.0048598778, -0.015211184, 0.036164653, 0.044121217, 0.0038041847, -0.03747617, 0.07100561, 0.049188472, 0.024641728, -0.009018913, 0.035155438, -0.029799554, 0.02191638, -0.026498424, -0.04108968, -0.038061857, 0.03304002, 0.015649285, -0.018719496, 0.03249353, 0.05375199, -0.02566706, -0.011805734, 0.008716064, -0.05148017, -0.03460756, 0.06039607, 0.050677635, 0.0018418047, 0.0070232805, -0.0014946384, 0.017060697, 0.041864943, -0.002822324, -0.0066906544, 0.006787841, -0.027677633, 0.019318683, 0.053756006, -0.0017910767, 0.022762215, -0.036432274, 0.02968322, -0.02000317, 0.035600204, -0.021476341, -0.004647063, -0.027194474, 0.0066737207, -0.024106331, 0.02089965, 0.011999312, 0.010717434, -0.072115116, -0.079392806, 0.046764884, -0.038926877, 0.017583149, 0.02246129, 0.016053855, -0.053063974, -0.014275236, 0.03701719, 0.007437591, -0.044629116, 0.017946327, -0.019569704, 0.005444142, -0.027038274, 0.09191518, -0.0039780214, 0.012107482, -0.05660347, -0.02762686, -0.03026892, -0.010630779, 0.042020906, 0.02923927, -0.102945596, -0.03964092, -0.02031078, -0.019409798, -0.03385388, -0.02280927, 0.006857749, -0.030614184, -0.023913128, -0.0034291018, -0.0805065, 0.0909936, -0.032262594, 0.049762968, -0.05510247, -0.0090461075, -0.09540777, -0.0118640205, -0.01985627, 0.0004815255, 0.011732977, 0.04552307, -0.02511587, -0.05320742, -0.03533336, 0.031994708, 0.046092473, -0.041372232, -0.015706748, 0.012631845, -0.08201084, 0.035287574, 0.024774697, 0.042417526, -0.007087978, -0.00064617, 0.07803387, 0.021752996, 0.02708205, -0.026752863, -0.016378421, -0.026779654, 0.013796722, -0.051169503, -0.082403995, -0.058062844]"
sop-pengajuan-kredit.md-10,"### Tahap 4: Pencairan Kredit
**Estimasi Waktu: 2-3 hari kerja setelah approval**
- Nasabah menandatangani Perjanjian Kredit dan Surat Kuasa
- Pemeriksaan agunan (jika diperlukan)
- Proses registrasi dan pengamanan agunan di Notaris (jika ada)
- Pencairan dana ke rekening nasabah",sop-pengajuan-kredit.md,"[0.017907228, 0.04262499, -0.17671676, -0.03809683, 0.027549425, -0.011958525, 0.009937787, 0.013291456, -0.03634797, 0.007567403, 0.009642938, 0.011348294, 0.042942908, -0.027988762, 0.028862586, -0.025443774, 0.035683654, -0.019196492, -0.0592809, 0.070562854, -0.07374172, -0.015733613, -0.070343204, -0.03464056, 0.08972871, 0.023499427, -0.017237632, -0.024045177, -0.021812836, -0.038331077, 0.019490419, -0.03894018, -0.027874049, -0.012098516, -0.015124437, -0.097650774, 0.12384583, 0.031844012, 0.0031515774, -0.096598275, -0.01816437, 0.014478656, 0.0117296465, 0.017620083, 0.050101183, 0.03279955, 0.07559512, 0.047782257, 0.05400087, -0.058621656, -0.033411868, 0.004066341, 0.010703162, 0.0039083175, -0.01996491, 0.09623852, -0.04830009, 0.005433531, -0.032976314, -0.004069998, 0.029249253, 0.046161726, -0.020843286, 0.0689637, 0.0468315, -0.054319777, -0.013455339, 0.07116592, 0.027587084, -0.00769865, 0.04289635, -0.0029336498, 0.009551642, -0.0009038813, -0.022677947, -0.0010624496, -0.0305402, -0.043353204, -0.04563109, 0.032913342, 0.026427014, -0.0025881003, 0.090257995, -0.01885204, 0.058309563, 0.008993194, -0.013010307, -0.023442294, -0.046772785, 0.030306203, 0.020301245, -0.0012473481, 0.019389128, 0.05105846, -0.038966555, 0.037856363, 0.039463546, 0.023587853, -0.004834436, -0.045563616, -0.01593552, -0.023122853, 0.05604747, -0.0108857425, 0.0436409, 0.052985214, -0.00033777417, 0.003437201, 0.019951684, -0.029612252, -0.048335414, 0.013739373, -0.010426524, -0.05660744, 0.030374784, 0.009908287, 0.0033755861, -0.017765036, 0.040976297, 0.021119114, -0.011271442, 0.008088212, -0.040568545, 0.052597336, -0.017593894, -0.0063119717, -0.07096656, 0.037772942, 0.019838471, -0.044632815, -0.00030512238, -0.020270584, -0.0049705817, -0.024199633, 0.026018744, 0.0417748, -0.008446968, -0.012963398, -0.0019801771, 0.0073444024, 0.039405376, 0.008430728, 0.0049804132, -0.014202519, -0.026037905, -0.055367265, 0.049647633, -0.0036138557, -0.04381052, 0.0049152733, 0.011866009, -0.02245512, -0.007198679, 0.052884307, 0.025898345, -0.030306546, -0.011459841, 0.00010791353, 0.01863358, 0.03897534, 0.05943731, 0.011558511, -0.015304577, 0.07178255, -0.0031231488, -0.039904527, -0.0015746141, 0.039121896, 0.017189668, 0.05606032, -0.01616012, -0.03623556, -0.026168711, -0.054878462, 0.029005656, -0.035427205, 0.016707331, -0.023886075, -0.022605747, 0.023731178, 0.035056774, -0.044240136, 0.056395177, 0.04118014, -0.0258901, -0.017706292, 0.04105969, -0.027903724, -0.008800134, -0.07977848, -0.006860129, 0.040611457, -0.025965434, -0.010800678, -0.015611029, -0.07143843, 0.08534594, 0.034353662, -0.005566919, -0.039025538, 0.021569025, -0.0005720293, -0.06838193, -0.031086933, -0.0003395993, 0.038346216, -0.013279358, 0.047743667, -0.001081929, 0.024856618, 0.025590451, 0.018951083, -0.042707928, 0.028868746, 0.047726452, -0.04227784, 0.027370753, 0.012899116, -0.007307239, 0.011457455, 0.03943291, -0.020031674, -0.055628933, -0.0063604414, 0.030408325, 0.0023718555, -0.005906304, -0.0070695216, 0.0018229719, -0.015468844, -0.020319272, -0.06428445, -0.0009577429, 0.038419254, 0.002707431, 0.032671038, 0.0030950205, 0.048506748, 0.046827078, -0.024051754, 0.019308623, 0.064503685, -0.019356051, -0.024557283, -0.012533341, 0.03754817, 0.0009943476, -0.08217258, 0.016044617, 0.026798846, 0.007035219, 0.010291358, 0.047562085, 0.019260759, 0.028828735, -0.042519122, 0.008592417, 0.010416043, 0.038334478, -0.0057703457, 0.017079763, -0.03963303, 0.060045015, -0.0741104, 0.00027705557, -0.020834701, -0.025750903, 0.0182905, 0.04085504, -0.043741852, 0.02686003, 0.027795732, 0.017816724, 0.07073213, -0.0014597845, 0.017938867, 0.033712547, -0.03574903, -0.09279216, 0.042493608, -0.03865466, -0.0064513343, -0.005574799, -0.0005616489, -0.008884985, 0.056106098, 0.039607063, -0.022752155, 0.019740118, 0.0239577, 0.047369294, -0.02705238, -0.013634282, 0.042338774, -0.003800234, 0.005911242, 0.037424836, -0.036508176, 0.03341747, -0.04099306, 0.018809533, 0.046444815, 0.019882988, 0.013370062, 0.018612593, -0.028714634, 0.010336712, 0.01655236, 0.07180708, 0.02537456, -0.0560542, -0.036794305, -0.025786852, 0.03211169, -0.058818195, 0.0050417767, -0.004718041, 0.0634709, 0.035144504, 0.046321206, 0.012469518, -0.033351853, -0.0060540335, -0.00872993, -0.029739328, 0.0195695, -0.012481405, 0.026561499, 0.028278898, -0.031583093, -0.02420013, 0.017688457, 0.046921626, -0.06390663, -0.049938753, 0.016148863, 0.0029971749, -0.0049585556, -0.015723573, 0.041536197, 0.035228003, -0.041197166, 0.004810978, -0.06681821, -0.012094518, 0.010876733, -0.022403793, -0.05151648, 0.030975921, 0.05192975, -0.01907612, 0.010472929, -0.004514888, -0.009713927, 0.032369897, 0.017036986, 0.04632617, 0.03471269, 0.015546154, -0.022784628, 0.0614654, -0.043095447, 0.053582147, 0.016905412, -0.025313454, 0.02411094, 0.05486674, -0.030072605, 0.015648792, -0.0023279954, -0.025586452, -0.016642798, -0.0386381, 0.0374109, 0.032601047, 0.027461734, -0.05163122, -0.020190053, -0.038509667, 0.051154584, 0.046775106, -0.030998558, -0.0072824373, 0.02741382, 0.0079174815, -0.034088317, -0.0040096105, -0.017632749, 0.0034369954, -0.022734612, 0.004872905, -0.051965285, -0.044165682, -0.008254484, 0.026966317, -0.03560347, 0.07561652, 0.0018999558, -0.01829953, 0.03243236, -0.05352214, -0.030608099, 0.014812072, -0.043850254, 0.009563682, 0.046588417, -0.016863285, -0.042527646, 0.025459727, -0.0029575687, -0.013770912, 0.053521477, 0.0012794178, -0.053257663, 0.05331375, -0.037451718, -0.007674759, 0.0062815617, 0.0030858282, -0.012513146, 0.035261203, 0.04069887, -0.0024038071, -0.012434302, 0.06060517, 0.016507935, 0.0019593798, 0.05155422, 0.024564484, -0.016405588, 0.063634574, 0.03147817, 0.047695056, -0.022362288, 0.014630627, -0.0145604685, -0.006746232, 0.029803952, 0.018665623, 0.018189289, 0.009125756, 0.011630011, -0.04297753, -0.026040994, 0.029474102, 0.06827215, 0.028811028, -0.043427117, -0.038571417, 0.05318994, 0.015642634, 0.012060093, 0.0017346719, 0.038063556, 0.068044424, -0.022623656, -0.032545097, 0.013968836, 0.013124235, 0.08155162, -0.01747998, 0.04505376, -0.07390955, -0.0044315327, 0.033415884, -0.032351065, 0.040055376, 0.009516148, 0.03547273, 0.07030958, -0.041677266, 0.0022979344, 0.05848987, -0.043557305, -0.04761569, -0.0018375012, -0.025380926, 0.007956665, 0.005443415, 0.04375855, 0.03690369, -0.013572303, -0.03218472, -0.029284569, 0.04512081, 0.0402054, 0.06027847, -0.05395762, 0.021270394, -0.039244942, 0.01317442, 0.049269985, 0.0042052106, -0.012118933, -0.0055311997, -0.0016608854, -0.06002299, 0.0035954516, 0.028393906, 0.06826862, 0.0405371, -0.007951753, -0.0130614545, -0.003630003, 0.055636007, -0.060463525, 0.031055646, -0.067893855, -0.047242932, 0.0046383427, -0.0101850685, -0.0071444376, 0.04453547, -0.011569104, -0.008097517, -0.040826853, 0.025388721, 0.0051168567, -0.027783416, 0.032034114, 0.015273659, 0.0091566695, -0.03418388, -0.043390088, -0.014404119, 0.012149046, 0.012335474, -0.04458239, 0.049625173, -0.065817855, -0.0015893291, 0.027270054, -0.017103417, 0.01099319, 0.03058421, -0.052752696, -0.023086388, 0.0026755242, 0.06731546, 0.059304245, 0.03933446, 0.019499533, -0.0072304676, 0.007542586, 0.020316944, -0.024811357, -0.035467256, -0.0032953334, -0.019101353, -0.05033635, 0.031167649, -0.057885423, -0.00029450995, -0.018602733, 0.014373804, -0.02583171, -0.027283687, -0.018065449, -0.007874538, -0.04320305, 0.005031726, -0.0080613475, 0.090415366, 0.01173164, 0.001555863, -0.01967124, -0.033015653, -0.022765616, -0.009747741, 0.0106891105, -0.023899086, 0.024600267, -0.028233811, -0.010115606, -0.00016970647, -0.0013852497, 0.013768449, 0.024703458, -0.052005813, -0.043690782, 0.028573226, -0.026928827, 0.017707689, 0.015415686, -0.04042719, 0.008630977, -0.023676455, -0.054887217, -0.02186001, 0.00906016, -0.012855696, 0.0048146183, 0.021143474, -0.012839539, 0.02068531, 0.027026344, -0.0034252875, 0.008640431, -0.04281314, -0.030698413, -0.018328937, -0.027932234, -0.009208802, -0.08009851, -0.0063494616, -0.0047040945, -0.03416891, 0.019193796, -0.019697357, -0.02229574, 0.04231059, 0.034995835, 0.010100468, 0.03541716, 0.031537756, -0.013272652, 0.093248904, -0.022801854, -0.013544505, -0.048423603, -0.016657522, -0.04755086, 0.047985043, 0.028936459, 0.021084748, -0.03948743, -0.060524724, 0.002105331, -0.02847856, 0.064056605, -0.034237336, 0.011512448, -0.0509552, -0.036725733, -0.058366504, -0.0071603754, -0.0318538, 0.021047683, -0.011073229, 0.04771767, 0.040886506, -0.027879208, 0.014424586, 0.02183434, 0.015158982, -0.030577224, 0.020253712, 0.031975113, -0.0069609266, -0.018648028, 0.07961265, 0.04761586, 0.01782587, -0.014194416, 0.015673969, -0.035925433, 0.031104548, -0.0122412415, -0.027878165, -0.024779137, 0.01747384, -0.0068063177, -0.014536092, 0.0069205947, 0.05036865, -0.03380762, -0.0085489405, -0.004478448, -0.061581317, -0.026890198, 0.032796178, 0.039898355, -0.010733036, 0.033748638, 0.00036980148, 0.045160603, 0.05724857, -0.019327626, -0.0056194267, 0.021911355, -0.041602653, 0.033810094, 0.05552037, -0.013885773, 0.0020225083, -0.023393415, 0.037701454, -0.017409915, 0.010407426, -0.029137772, 0.0026147764, -0.034860965, 0.012789147, -0.038264073, -0.009136534, 0.028511418, 0.0038069168, -0.09753295, -0.08310907, 0.039502986, -0.04743037, 0.0076189074, 0.032386478, 0.02071972, -0.04131556, -0.017469458, 0.029641462, 0.015497536, -0.023775468, 0.00032327717, -0.041181955, -0.020726155, -0.045187313, 0.08375053, 0.041533932, 0.018779207, -0.040110942, -0.031009668, -0.0055694943, -0.017593496, 0.023849184, 0.015795462, -0.081068195, -0.042517994, -0.036057424, -0.015413671, -0.02728631, -0.058681373, 0.0064054616, -0.016871305, -0.05115075, -0.004019585, -0.06286658, 0.07218427, -0.025961205, 0.02973752, -0.06639473, -0.0029186052, -0.06558989, -0.018686388, -0.028683936, -0.015056409, 0.018355822, 0.047067706, -0.01741945, -0.04375802, -0.03550372, 0.04444678, 0.024659432, -0.02838959, -0.012097152, -0.028650038, -0.08479845, 0.024561128, 0.043337375, 0.038467124, -0.031616542, 0.02072822, 0.06397616, 0.04476978, 0.024546292, -0.028821709, -0.022504054, -0.02201999, -0.013660358, -0.053965125, -0.08156462, -0.052092947]"
sop-pengajuan-kredit.md-11,"## 4. Kontak dan Departemen Terkait

- **Bagian Customer Service**: Ext. 1001, email: cs@nusantarafinance.co.id
- **Bagian Kredit (Credit Administration)**: Ext. 2100, email: kredit@nusantarafinance.co.id
- **Tim Credit Analysis**: Ext. 2200, email: analysis@nusantarafinance.co.id
- **Komite Kredit**: Secretariat, Ext. 3000, email: komite@nusantarafinance.co.id",sop-pengajuan-kredit.md,"[0.008018028, 0.015461371, -0.17751744, -0.04413095, 0.0497898, -0.033522993, 0.001643804, -0.051090058, 0.014409355, -0.0050054104, -0.05785978, 0.007835658, 0.028497659, -0.01331465, 0.017651545, -0.051042505, 0.007982133, -0.014074471, -0.06467225, 0.04773439, -0.035241805, -0.010528025, -0.041187394, -0.050949957, 0.073381804, 0.051293217, -0.0050197435, 0.043430302, -0.04041567, -0.07019713, 0.04766017, -0.0024946518, -0.018384738, -0.030196117, -0.06359154, -0.00831285, 0.112922244, 0.03585163, -0.035352025, -0.04619977, 0.028749038, 0.007340074, 0.009336057, 0.039211284, 0.0567491, -0.017306853, 0.05131299, 0.011647279, 0.05073828, -0.019954415, -0.050597176, -0.0052268156, -0.030953052, -0.004690914, -0.0462247, 0.043088462, -0.041265104, 0.048603144, -0.020207478, -0.0003773487, 0.09528339, 0.05801448, 0.012278735, 0.07899574, 0.077430636, -0.03680224, -0.0034006352, 0.06156834, 0.017687047, -0.029200256, 0.05576345, 0.0136723, -0.014789344, 0.004665788, 0.003506064, -0.020327438, -0.0672849, -0.051667113, -0.017634057, 0.014152858, 0.03223055, -0.016804019, 0.07477139, -0.022240521, 0.04983702, -0.034931455, 0.013389408, 0.0017920473, -0.058753923, 0.03557518, -0.008563024, 0.0059483824, 0.011932203, 0.0045081615, -0.05270702, 0.053903703, 0.016539717, -0.0055716815, -0.047244582, -0.060973246, -0.021362511, -0.008119195, 0.016276574, -0.0014113106, 0.046618596, 0.048145555, 0.013453057, 0.019395206, 0.0050304066, -0.030848466, -0.03193097, 0.017370287, -0.019959752, -0.01739698, -0.00931711, 0.030368755, 0.024859326, -0.005736747, 0.025654284, 0.044871796, -0.051447403, 0.008764257, 0.00851294, 0.027871666, 0.03879653, -0.0012564103, -0.044902325, 0.046789683, 0.025970688, -0.025489625, 0.010532889, -0.053105924, -0.045230106, -0.04613655, 0.03313577, 0.028305529, -0.03719603, -0.014559115, 0.0053959354, -0.006967484, 0.07927059, -0.00484554, -0.0032610234, -0.0071895854, -0.021900153, -0.05155197, 0.061377965, -0.0007314948, -0.024798954, 0.007871261, -0.01794485, -0.011816217, -0.022169389, 0.04067357, 0.01799487, -0.034508117, -0.015948528, -0.020383704, 0.030287419, 0.06305391, 0.020584254, -0.010713075, -0.018234272, 0.07053015, 0.020127036, -0.009352937, -0.0027971226, 0.08575337, 0.008036934, 0.027170781, -0.06414667, -0.03675516, -0.0074454797, -0.02966995, 0.036417097, 0.018646488, 0.014562796, -0.018304361, 0.01303568, -0.030125737, -0.0055885725, -0.05190162, 0.052874513, 0.07243848, -0.056792248, -0.025135297, 0.019456586, -0.021697136, 0.03781664, -0.08638949, 0.014736036, 0.022117468, -0.0379243, 0.011795724, -0.037568722, -0.03443031, 0.048668474, 0.024308978, 0.0298857, -0.051187955, 0.02171968, 0.02992857, -0.0030339975, -0.0058485037, 0.04514207, 0.0140529405, -0.0011762934, 0.025936771, 0.022539258, -0.020063847, 0.052052293, -0.030171173, -0.07178831, 0.03857124, 0.024071757, -0.038398348, 0.015704725, -0.009225016, 0.00071284204, 0.025582036, 0.03452657, 0.0015882914, 0.007803897, -0.04497859, 0.018168723, 0.012944365, -0.02955686, 0.014596246, -0.012747773, -0.014903208, -0.036924884, -0.06865757, 0.033698753, 0.021557806, 0.00017253133, 0.043151982, 0.0077306167, 0.0046709306, 0.029427718, -0.0026839173, 0.018107386, 0.02247938, -0.006938325, 0.011839521, -0.044001106, 0.043176025, 0.017770052, -0.039232027, 0.021860564, 0.03226183, 0.017135449, 0.028802129, 0.04378639, 0.015777253, 0.018408928, -0.06397948, -0.001175265, -0.0057199555, 0.0038670115, -0.012465728, 0.06315562, -0.044110462, 0.04186212, -0.03604998, -0.011671469, -0.044682108, -0.03259955, 0.01082036, 0.023199117, -0.009020063, 0.0020685734, 0.044582292, -0.009453988, 0.033758745, -0.009243512, 3.306109e-05, 0.030093241, -0.011408295, -0.05359549, 0.04645766, -0.047920883, -0.04189553, 0.0032837174, 0.037085302, 0.02958987, 0.048104856, 0.0032211717, 0.037999745, 0.028975468, -0.0136717195, 0.059401352, -0.024547393, -0.031253085, 0.061283, -0.0037487112, 0.004071581, 0.03309067, -0.0047020544, 0.025934514, -0.045409594, 0.011202654, 0.009742045, 0.034510586, 0.026003135, -0.0039098253, -0.009866787, 0.0319167, 0.0112665035, 0.034468774, -0.029008303, -0.051951524, -0.0023913723, -0.011668158, 0.025833447, -0.030865887, 0.0128844865, 0.03885966, 0.042897288, 0.041579165, 0.064926945, 0.0069316314, -0.011202178, 0.026640134, -0.039485287, -0.020201156, 0.07419309, -0.06889074, 0.03233654, 0.014427585, -0.009861286, -0.009075606, -0.00034442515, 0.029230231, -0.090680405, -0.03249315, 0.0492402, -0.012369241, 0.023268005, 0.019194549, 0.03463732, 0.032236148, -0.0019953935, -0.030165916, -0.08142841, -0.036829367, -0.037837718, 0.014706253, -0.038348295, 0.034425944, 0.021511868, -0.02940922, -0.014110328, 0.026620679, -0.0041262936, 0.0075473953, -0.02732556, 0.0254574, 0.04141369, -0.003200793, 0.008837617, 0.0665248, -0.013595349, 0.040720083, 0.022770362, -0.023329167, 0.028376877, 0.058528505, -0.036604416, 0.028854294, 0.00082904415, 0.028586706, -0.04772628, -0.01901163, -0.0077690776, 0.03525245, 0.0067497944, -0.06516887, -0.037161216, -0.003770033, 0.05150712, 0.041742004, -0.046885632, 0.05622455, 0.055318475, 0.011332709, -0.003188254, -0.030386193, -0.02167659, -0.014025609, 0.011006577, 0.016997872, -0.046120092, -0.024111591, -0.005532741, 0.058511887, -0.045838185, 0.09307727, 0.0036345446, 0.029119156, 0.028392756, -0.08430096, -0.045579128, 0.01295682, -0.055866137, 0.005836669, 0.051659442, 0.010667128, -0.059195966, 0.011199957, -0.024257254, -0.034469962, 0.027120639, 0.023713786, -0.038248755, 0.03451731, -0.056524906, -0.004817277, 0.030787097, 0.012998143, -0.045714352, 0.038875297, -0.0022199492, -0.018593395, -0.014991368, 0.04495758, 0.031115277, 0.0024387974, 0.054715946, 0.0072366297, 0.0027475043, 0.016438656, 0.06233317, 0.057600416, 0.011137355, 0.001607302, -0.00033097705, -0.015561373, 0.0039916993, 0.025558367, 0.01942949, 0.025908243, -0.009798707, -0.052172896, -0.032444756, 0.03759746, 0.051766526, 0.03447519, -0.042927448, -0.01686007, 0.018403962, 0.0012614053, 0.007034706, -0.010276658, 0.032093108, 0.08510899, -0.029075801, -0.0076409844, -0.04528762, -0.01655491, 0.06755905, -0.011687567, 0.026278049, -0.05353216, 0.0003141101, 0.011767373, -0.048340287, 0.062303625, 0.00080833904, 0.04152887, 0.06054074, -0.022319466, 0.022763878, 0.053424492, -0.07077203, -0.021481393, -0.009588156, -0.04313985, 0.007436897, 0.02759182, 0.041362807, 0.055024806, -0.045014076, -0.06255891, -0.038907103, -0.036008295, 0.038713157, 0.053401217, -0.046610013, 0.030292593, -0.027521564, 0.033322677, 0.0008327841, 0.0057723066, -0.014917297, -0.014486183, 0.01595862, -0.011799985, 0.021927038, 0.042618006, 0.030740108, 0.031762227, 0.023519486, -0.071623616, 0.010640349, 0.035145737, -0.06161302, 0.021635877, -0.062436525, -0.015868247, 0.020346317, -0.0022976266, -0.006799633, 0.048514158, 0.034459326, 0.014507209, 0.009397354, 0.013654489, -0.02987685, -0.046281382, 0.031027343, -0.0088091325, -0.017811945, -0.013136321, -0.020990836, -0.017448729, -0.023965115, 0.01804539, -0.039108153, 0.02396758, -0.038906734, 0.010750706, 0.044505265, -0.028138738, 0.0033519173, 0.024778266, -0.026067985, -0.044194616, 0.02655805, 0.03794, 0.022893691, 0.022489214, 0.0036579473, 0.0028695387, -0.017890776, 0.0210134, -0.016465012, -0.015674086, -0.008924921, 0.024343058, -0.039106023, 0.044504844, -0.03711404, -0.003093074, -0.08415211, 0.023155032, -0.05162893, -0.006869855, 0.0049087307, -0.023832226, -0.04133072, -0.01677831, -0.015823888, 0.053256907, 0.011705223, 0.007579972, -0.063321404, -0.033740416, -0.021566724, 0.018243479, 0.0014913789, -0.03794959, -0.022057205, -0.02632203, -0.03721665, -0.010356219, -0.024686037, 0.029398505, 0.0050661694, -0.04837418, -0.034656476, 0.01236944, -0.043725826, 0.015641458, 0.053753294, -0.057640783, 0.002544497, 0.009767758, -0.061143387, 0.013625241, -0.025133071, -0.012811048, 0.029394025, 0.042029236, -0.032167733, 0.0055819154, 0.021125233, 0.010133253, 0.0037175901, -0.03944221, -0.07144535, -0.020999921, 0.025046675, 0.042916447, -0.071821906, -0.028664375, 0.012238564, -0.028569087, 0.053888615, -0.009796577, -0.027392056, 0.02045907, 0.039723605, 0.0071905227, 0.022976013, 0.02286283, 0.0001737819, 0.04548268, 0.010403659, 0.017503032, -0.0732481, 0.018762294, -0.055825297, 0.084691085, -0.019353937, 0.03830476, 0.009584843, -0.06477138, -0.0061809984, -0.027255809, 0.023676842, -0.026366213, 0.0074314876, -0.05865586, -0.04991116, -0.09278753, 0.028272068, -0.017466372, 0.00654446, -0.0016609224, 0.03957214, 0.04289324, -0.02091993, 0.0053635016, 0.010428679, 0.055341538, -0.030856567, 0.029423164, 0.028251244, 0.03205413, -0.0005571815, 0.08064402, 0.051489674, 0.05885205, -0.012803986, 0.006535183, -0.023109388, 0.012602848, -0.009549762, -0.050718196, 0.016483268, 0.04457729, 0.04083565, -0.05232162, -0.0049921935, 0.048803996, -0.0022121991, 0.0033197037, -0.0077432315, -0.10160213, -0.02566713, 0.038591485, 0.027828187, -0.019246943, -0.007185483, -0.028946077, 0.052509986, 0.061771687, 0.0322577, -0.031096257, 0.030023532, 0.0030947952, 0.003272916, 0.043231126, 0.0022754427, 0.0051369937, -0.010782234, 0.06204152, -0.030355673, 0.056514107, -0.045805365, -0.019616071, -0.0173659, 0.016180597, -0.042347647, -0.019712415, 0.034192, -0.028282912, -0.070762314, -0.069070704, 0.040739756, -0.0048627052, 0.013295311, 0.032112237, 0.013042407, 0.0050548413, -0.019265978, 0.013282425, -0.004486852, -0.036246393, -0.014671006, -0.005614418, -0.0015080874, -0.042450465, 0.07135761, 0.02804722, 0.011294437, -0.031938307, -0.047939096, -0.028586214, 0.0011675162, 0.034208633, -0.030872852, -0.06446574, -0.04942489, -0.054045927, -0.030581305, -0.012244253, -0.02026042, -0.0067271106, -0.012401482, -0.010219877, -0.017413162, -0.086881004, 0.032148134, -0.0130631225, 0.00092055305, -0.059170786, -0.03033301, -0.0076835365, -0.06443753, -0.08506117, 0.02623603, -0.0012825235, 0.0032661334, -0.038246695, -0.028294116, -0.023276115, 0.020094704, 0.047447104, -0.019460913, 0.0077334857, -0.03342632, -0.042969905, 0.03062407, 0.0040515596, 0.01517858, 0.0020675147, 0.0028893284, 0.093064435, 0.025419498, 0.022695607, 0.0051848055, 0.018084906, -0.0029164038, 0.03387159, -0.028995417, -0.056932356, -0.040608127]"
sop-pengajuan-kredit.md-12,"## 5. Catatan Penting

- Semua dokumen harus asli atau fotokopi yang sudah dilegalisir
- Apabila dokumen tidak jelas atau menimbulkan pertanyaan, pihak bank dapat meminta dokumen tambahan
- Proses dapat dipercepat sesuai kebijakan dan kondisi nasabah
- Biaya administrasi kredit diterapkan sesuai dengan plafon kredit yang disetujui",sop-pengajuan-kredit.md,"[0.023267793, 0.036946606, -0.15167391, -0.04368236, 0.035236623, -0.05749196, 0.042119388, -0.052949175, -0.015122286, -0.01428203, -0.0438239, -0.014651802, 0.057080142, 0.009691442, 0.039920554, -0.013405172, 0.013470774, -0.059950925, -0.07186283, 0.058311038, -0.040083405, 0.025044069, -0.065158054, -0.016052218, 0.08287446, 0.018156579, -0.015734967, -0.008601873, -0.04183374, -0.039988678, 0.019100152, -0.04807578, -0.033132214, -0.019041536, -0.003776392, -0.08183784, 0.10460157, 0.042923924, 0.039003927, -0.0122958375, 0.0005829961, 0.01838146, 0.014695783, -0.026277976, 0.021665942, -0.020747984, 0.043579645, 0.039477468, 0.07083241, -0.015227154, -0.032209687, 0.009287765, 0.02230406, -0.02119081, -0.028896498, 0.045674007, -0.038651466, 0.0064245327, -0.011178399, -0.012184618, 0.058870204, 0.05440478, -0.037559234, 0.08570792, 0.013570237, -0.037694436, -0.025896382, 0.06817635, -0.0034262645, -0.008840988, 0.0038498982, -0.017375644, 0.0070956163, -0.017652102, 0.027163692, 0.027179798, -0.036228295, -0.06743925, 0.01878447, 0.01655297, 0.059748124, -0.0049827565, 0.11478221, 0.008705832, 0.065123945, -0.0063026645, -0.06468084, -0.013302485, -0.05464346, 0.048678987, 0.03575713, -0.01694585, 0.03885778, 0.02325422, -0.036007125, 0.003361368, 0.011408404, 0.00402065, -0.02107635, -0.05264529, -0.0135764675, -0.021406267, 0.08749283, 0.0108272685, 0.07528669, 0.034408983, -0.001044239, 0.027749581, 0.0005900076, -0.024237983, -0.029269367, -0.022731038, -0.042806983, -0.039656054, 0.02292145, 0.017567059, -0.011071257, 0.007977177, 0.024167133, 0.046804897, -0.056940053, -0.011953987, 0.010376047, 0.016193105, 0.036072094, -0.001496139, -0.054489154, 0.01591037, 0.036164682, -0.028567849, 0.02746179, -0.008916968, -0.016570013, -0.0062767128, 0.040188678, 0.02594936, 0.003960129, -0.055899225, 0.022659902, 0.00026589676, 0.059497852, 0.019287283, 0.0056630247, -0.007408902, -0.036612302, -0.052208822, 0.03595898, -0.020483987, -0.015130838, -0.003914122, 0.011549343, -0.028905248, -0.027400196, 0.026544785, 0.046730526, -0.04394326, -0.0045649447, -0.014855214, 0.030346878, 0.019674165, 0.018131707, 0.021558873, -0.03289637, 0.061694417, -0.006550992, -0.030088212, 0.043755136, 0.06944488, 0.054223843, 0.039395373, -0.051551983, -0.046047542, -0.05488515, -0.020919437, 0.0642953, -0.018625557, -0.0033519613, -0.012195134, -0.040972132, -0.018813245, -0.0058853333, -0.037287578, 0.066906154, 0.058287524, -0.035961363, -0.0040557585, 0.03141953, -0.052339204, 0.019328061, -0.027214348, -0.00018458681, 0.05369793, -0.02649685, -0.04836451, -0.021932293, -0.050385486, 0.0731259, 0.027798103, -0.008273885, -0.044633325, 0.0026109766, 0.010722317, -0.029632047, -0.015655493, 0.001450019, 0.026339103, -0.05574132, 0.03665024, 0.0066826427, -0.01270774, 0.05912943, 0.013502621, -0.056008734, 0.012688304, 0.052232873, -0.023407793, -0.005287685, 0.0015470935, -0.015371613, 0.0074658715, 0.009400859, -0.020714164, -0.030461833, -0.00032719658, -0.0073820837, 0.014579799, -0.0038468002, -0.018249117, -0.011462716, -0.016525786, -0.028634897, -0.056583464, 0.01120996, 0.023970453, -0.006358229, 0.011156633, 0.0271521, 0.050436396, 0.01596805, 0.0015308032, -0.018510537, 0.041141696, 0.0033241326, 0.0050541735, -0.0010400176, 0.042399433, 0.025344351, -0.047772486, 0.053953998, 0.03130817, 0.04642975, -0.018647969, 0.062933475, 0.04090397, 0.018309206, -0.01263105, -0.019475304, 0.0025235882, 0.062280625, -0.010087433, 0.010517444, -0.025751768, 0.05108581, -0.021471584, -0.012786342, -0.007970905, -0.035460107, 0.016207717, 0.016777648, -0.031925905, 0.055434022, 0.028154967, 0.00869706, 0.02535107, -0.049917396, 0.016809769, 0.03494139, -0.03699747, -0.07056977, 0.053472694, -0.005204155, -0.02883324, -0.003483403, -0.027100181, 0.01971922, 0.0641958, 0.009597757, -0.00041712515, 0.03865407, 0.016902676, 0.005082468, -0.007588873, -0.022862917, 0.040686212, 0.0059409994, 0.013296255, 0.05025869, -0.014132709, 0.011145598, 0.012220488, 0.024336437, 0.0074010664, 0.0033221429, 0.051666867, 0.012529248, -0.020599, 0.04608629, 0.036812834, 0.021071536, 0.0009186831, -0.020412613, 0.011217731, -0.043655355, -0.018940164, -0.040388282, 0.026139315, 0.017786505, 0.022739168, 0.056696493, 0.035618205, 0.016713316, -0.004742751, -0.0064289724, -0.017367132, -0.027792932, 0.04440817, -0.036787864, 0.038012464, 0.02146206, -0.008487973, -0.023787426, 0.018806856, 0.014360542, -0.077173896, -0.022211988, 0.04719739, 0.00631836, 0.020691177, -0.01875848, 0.033172436, 0.046740312, -0.0068082614, -0.046148557, -0.0864056, 0.022552373, 0.0031631847, 0.0035239495, -0.034708403, 0.02870623, 0.07914326, -0.033168502, 0.016568756, -0.004669049, -0.024917876, 0.025559986, -0.02631482, 0.030611278, 0.038946886, 0.006579051, -0.026851004, 0.07160001, 0.0061878534, 0.04684664, 0.0029051944, -0.007465858, 0.01924129, 0.04238282, -0.04094194, -0.008565934, -0.020321215, -0.011385808, -0.019815167, -0.03422104, 0.0036844881, 0.00023259224, -0.030879062, -0.051867187, -0.018347416, -0.03349825, 0.039605796, 0.034206737, 0.0029007043, 0.024945945, 0.07785969, 0.0027148302, -0.035778727, -0.0074279187, -0.03429317, 0.0325149, 0.007998301, 0.01250338, -0.015403041, -0.040764622, 0.0032960512, 0.026919741, -0.0071469424, 0.048667856, 0.033312146, 0.0070499964, 0.04007228, -0.047512233, -0.09159063, 0.004304179, -0.037927944, 0.02857282, -0.00035422857, -0.030255128, -0.06137169, -0.0027715932, -0.01022555, 0.007043598, 0.06141841, -0.031429503, -0.0036261412, 0.025875999, -0.015586288, -0.0048015695, -0.011439041, 0.005242443, 0.005265646, 0.055536963, 0.07412004, -0.06731242, -0.019200202, 0.004037995, 0.02034765, 0.0032536443, 0.052839015, 0.017256372, -0.04626001, 0.017136421, 0.04125612, 0.04524007, -0.025128597, -0.01202179, -0.014062455, -0.012602575, 0.03365248, 0.05032739, 0.009919748, 0.034451585, 0.02597416, -0.011785712, -0.009160138, 0.028695704, 0.039801892, 0.0145277, -0.04793192, 0.006490747, 0.016361635, 0.017835476, 0.061325043, -0.0004672725, 0.0021462662, 0.01607893, -0.040176257, -0.036101326, -0.021805124, 0.01735889, 0.063911475, 0.027142648, 0.031353336, -0.033211175, 0.00046111972, 0.015270292, -0.030966425, 0.04260316, -0.010790837, 0.008586058, 0.056689344, -0.04669334, 0.0013042158, 0.0829779, -0.06844009, -0.008290168, -0.029720867, -0.03018632, 0.0010214613, 0.04237387, 0.066807784, 0.033283222, -0.021854647, -0.041718356, -0.047388066, 0.03255137, 0.022956729, 0.06747643, -0.025468, 0.031611342, -0.039307952, 0.0050997105, 0.028121427, 0.02211497, 0.018414384, 0.023942146, 0.0010687783, -0.035734147, 0.024377758, 0.037759997, 0.05388125, 0.08969598, -0.041196667, -0.052947454, -0.035395864, 0.077644944, -0.09104934, 0.034445822, -0.085039966, -0.034175076, 0.0038907076, -0.031928003, -0.017903484, 0.06750381, -0.012796258, 0.015124542, -0.040792864, -0.016635735, -0.0017273857, -0.01802009, 0.012941699, 0.025061328, 0.015891198, -0.020161716, -0.05427169, -0.00043554828, -0.006470665, 0.01868565, -0.0451733, 0.047023974, -0.0251287, 0.023846786, 0.029254857, 0.0034577288, 0.02610379, -0.0077958424, -0.05649774, -0.033340976, 0.012045022, 0.04577344, 0.080239676, 0.043866683, -0.0048199343, -0.029525572, 0.021451341, 0.03544127, -0.025773467, -0.013313132, -0.0151586905, 0.0014212697, -0.04496213, 0.03858229, -0.04091144, 0.0038250408, -0.02937648, -0.004198239, -0.04661801, -0.0031129424, -0.033077806, -0.0024632835, -0.029382927, 0.012627021, 0.0045931507, 0.056132443, 0.01228227, 0.01639422, -0.07937508, 0.006223273, -0.005970321, -0.008297597, -0.0058441325, -0.021511791, -0.013934664, -0.058939435, -0.0058857854, 0.01209929, 0.018618122, 0.02235619, 0.020619191, -0.07991065, -0.032026842, 0.009310756, -0.015877858, -0.003772203, 0.05911418, -0.04208868, 0.00867295, 0.021290697, -0.068402335, 0.03466414, -0.031651188, -0.008572643, 0.019707143, 0.016846335, -0.035784204, 0.025529493, -0.02642804, 0.003841505, 0.0059500057, -0.0627015, -0.008546205, -0.01726776, -0.0204273, 0.011782296, -0.07085193, -0.025292031, -0.0375503, -0.02002297, 0.0025447488, -0.00258273, -0.013970216, 0.036840856, 0.010030366, -0.017623657, -0.020962648, 0.029610112, -0.0009706571, 0.050850585, -0.021631487, -0.007853145, -0.031495135, -0.021466935, -0.042178772, 0.05004655, -0.012013145, 0.017221477, 0.011287268, -0.05173976, -0.028034972, -0.042235937, 0.049209274, -0.028676456, -0.008089969, -0.04493832, -0.038317762, -0.087560005, 0.023210512, -0.02270729, 0.031251702, 0.011441864, 0.030272879, 0.026615782, -0.032044634, 0.020422602, 0.040412564, 0.06118122, -0.006924269, 0.032313664, 0.03688442, 0.048483938, -0.022598466, 0.09661217, 0.021229878, 0.022136088, 0.015895648, -0.0043286667, -0.026714755, 0.037293125, -0.043522563, -0.045928735, -0.04685272, 0.012128934, 0.05358487, -0.023949903, -0.03596261, 0.05041392, -0.03744234, -0.00649331, 0.034444302, -0.07159099, 0.0014076786, 0.01635455, 0.019789355, 0.007872169, 0.029342003, -0.00609597, 0.053393114, 0.04764755, 0.032167457, -4.8927077e-06, 0.010091898, -0.025221175, 0.026295885, 0.03255891, -0.038009867, -0.004017522, -0.030922469, 0.07160538, -0.051954333, 0.04951199, -0.033096604, -0.025724163, -0.012047282, 0.008958621, -0.0496679, 0.003253138, -0.004164697, -0.01483478, -0.031505495, -0.054265402, -0.0023903516, -0.06467256, -0.010395179, 0.0085749235, 0.052336548, -0.073768795, -0.023935001, 0.0012427794, 0.04592223, -0.05010615, 0.0099970205, 0.00087207695, -0.057206634, -0.072261095, 0.049241018, -0.0026995684, 0.027268408, -0.08196188, -0.032424476, -0.030032739, 0.019532634, 0.0416464, -0.027197085, -0.03933164, -0.06709283, -0.02392772, -0.012250952, 0.009804596, -0.043065593, -0.017245257, -0.017733257, -0.013772498, 0.015883377, -0.06718425, 0.013865643, -0.02809071, 0.0090378905, -0.055110928, -0.038710773, -0.032199822, -0.014675703, -0.058248773, -0.010878091, -0.020055026, 0.08561614, -0.017410064, -0.050574612, -0.011361459, -0.013044758, 0.052279472, -0.0002168142, 0.012506857, -0.028101994, -0.06328872, 0.015472614, 0.01481738, 0.019050412, -0.033061877, 0.02931341, 0.111053474, 0.04172396, -0.0044237957, 0.0015680547, -0.011489683, -0.038355332, 0.02229655, -0.043288298, -0.04268043, -0.09185287]"
sop-penutupan-rekening.pdf-0,"SOP Penutupan Rekening - PT Nusantara Finance
1. Tujuan dan Ruang Lingkup
Prosedur ini mengatur mekanisme penutupan rekening tabungan maupun giro atas permintaan nasabah
di seluruh cabang PT Nusantara Finance.
2. Syarat Penutupan Rekening

Nasabah wajib hadir langsung ke cabang dengan membawa KTP asli dan buku tabungan/kartu
ATM.

Saldo rekening harus ditarik tunai atau dipindahbukukan sebelum penutupan diproses.

Rekening dengan status blokir atau dalam sengketa hukum tidak dapat ditutup sam",sop-penutupan-rekening.pdf,"[0.022265408, 0.060501967, -0.19834566, -0.033332136, 0.014436775, -0.0018960619, -0.029737523, -0.023920057, 0.023858499, -0.000363601, -0.027995015, -0.0015699053, 0.042933512, -0.004812307, 0.027712854, -0.0060011577, 0.021355733, -0.046000477, -0.07080803, 0.04967156, -0.05480876, -7.569349e-05, -0.06000073, -0.023674617, 0.04203392, 0.026327332, -0.024256188, 0.018748559, -0.019074962, -0.057939082, 0.09447575, -0.046742026, -0.020125175, 0.0047701816, -0.030071903, -0.027998645, 0.100379825, 0.015216322, 0.0026629958, -0.052714344, 0.020557312, -0.013615022, 0.013477404, -0.026032109, 0.05714712, 0.018324487, 0.07044094, 0.02864898, 0.06360059, -0.02599433, 0.007711061, -0.05016856, -0.008202263, -0.020835817, -0.05515666, 0.031608954, 0.018132756, 0.02324241, -0.0071083545, -0.00595559, 0.048688516, 0.056708038, -3.559798e-05, 0.050163865, -0.0022296342, -0.04664273, -0.005289483, 0.037350357, 0.009758072, -0.021652142, 0.022164363, 0.010905415, -0.03799518, -0.0057109655, 0.034896083, -0.012922353, -0.019900855, -0.05279795, 0.0045445836, 0.025960347, 0.026083661, -0.016871197, 0.0829432, 0.045395285, 0.04795471, 0.0038744092, -0.009743992, -0.0020082074, -0.06389366, 0.08711054, 0.005500177, -0.031653516, 0.045657184, 0.032482646, -0.02708488, -0.017014675, -0.005334965, 0.02242209, -0.048618715, -0.031719077, -0.04073614, 0.0059988564, 0.0688992, 0.029729556, 0.040586207, 0.059289873, -0.024351945, 0.038354244, 0.00054280256, -0.0006122115, -0.04525157, -0.013858659, -0.0021986356, -0.024142478, -5.4168537e-05, 0.026953693, 0.007672265, -0.010349253, 0.024879042, 0.05070154, -0.034272477, -0.055292875, 0.042729694, 0.068852544, 0.04278037, 0.029210446, -0.10493384, 0.023308322, 0.050527636, -0.052640248, 0.028912086, -0.032781705, -0.02576781, 0.028628659, 0.058592513, 0.019461961, -0.014872213, 0.008312617, 0.009732412, -0.01683094, 0.0644385, -0.02065365, 0.054451924, -0.001995522, -0.025990026, -0.030356443, 0.0899437, -0.028432725, -0.036009483, 0.017841693, -0.010691067, -0.03366691, -0.04812482, 0.02545541, 0.046187885, -0.054367505, -0.017684737, -0.04157439, 0.04795484, 0.024016598, 0.03076876, -0.014564988, 0.0031173166, 0.050685003, -0.008722821, 0.0002477888, 0.010680738, 0.032001078, -1.4407549e-05, 0.000827028, -0.048169386, -0.024006782, 0.0042121145, -0.038859297, 0.0582746, -0.002479261, 0.019932562, -0.025239844, -0.019232113, -0.020931266, 0.0036301313, -0.023578554, 0.03597199, 0.1029225, -0.05063817, -0.009135583, 0.013021556, -0.0022197624, -0.040240224, -0.03271195, -0.00077115133, 0.063674696, -0.050111182, -0.0060629994, -0.020907393, -0.009598087, 0.060835324, 0.055425826, 0.0019290654, -0.031552497, 0.015493679, -0.022320574, -0.012807872, -0.039473314, 0.0061666607, 0.054391116, -0.026713436, 0.047844116, -0.030278854, -0.010334448, 0.07473063, -0.025605079, -0.02152622, 0.0005465506, 0.0006676888, -0.016519219, 0.04127226, -0.008227233, -0.038621854, 0.006497143, 0.013871043, -0.012937617, -0.0016789283, -0.036298882, 0.03818075, 0.0015536527, -0.0133023895, -0.024558915, -0.0148848165, 0.009681375, -0.0514773, -0.10225473, -0.0069131614, 0.025413461, 0.009799913, 0.027153699, 0.027839426, 0.031328633, 0.010901605, -0.008325587, -0.010723159, 0.075103626, 0.03293736, -0.0153653165, -0.04259306, 0.024395866, 0.019197132, -0.06466986, 0.016334664, 0.027125226, 0.04583447, -0.04813208, 0.02597128, 0.011907781, 0.004312839, -0.013837719, -0.020791719, 0.009654585, 0.025841927, 0.030181767, 0.03823075, -0.038317494, 0.02487601, -0.02109636, 0.005047829, -0.017760597, -0.058372583, -0.0014644278, 0.005184917, -0.0165212, 0.018157301, 0.026223337, 0.015276115, 0.060232785, 0.0035579135, -0.0031598648, -0.008760015, -0.02419936, -0.07179739, 0.07153299, -0.052505434, -0.0300521, -0.033600025, -0.005097128, -0.021491356, 0.016675971, 0.02521519, -0.002778604, -0.010710695, 0.086025625, 0.04530066, -0.003073116, 0.013321183, 0.039771724, 0.025798377, -0.0028794154, 0.04058415, -0.054190464, -0.03591533, -0.034657832, 0.010426387, 0.042615127, 0.028781947, 0.018937612, 0.003935264, -0.028707486, 0.05344676, 0.010933686, 0.046559207, -0.025945043, -0.016362717, 0.016806938, 0.008569335, 0.0011787482, -0.042387657, 0.037956674, 0.0043574986, 0.04870036, 0.049254615, 0.06935972, -0.030270506, -0.019821482, -0.031072054, -0.020186584, 0.005196957, 0.027940616, -0.032959513, 0.017902387, 0.011916931, -0.05376245, -0.011818528, 0.033563983, 0.03101568, -0.07725523, -0.046849076, 0.07026783, -0.019676218, 0.027761575, -0.005800399, 0.02423085, 0.048159696, -0.023776222, 0.025651844, -0.061746277, -0.014487395, 0.0021989334, -0.02316111, -0.021545544, 0.038438164, 0.0030373565, -0.024607912, -0.017893877, 0.00074987416, 0.036369473, 0.016131327, -0.030192751, 0.009559053, 0.013667673, -0.008348016, 0.0036669194, 0.021267641, -0.03630491, 0.005823663, 0.008666001, -0.04976899, 0.0072881337, 0.033426452, -0.030082196, 0.04145959, 0.014108428, -0.011600386, -0.030953752, -0.071700715, 0.028850997, -0.023190549, 0.012300622, -0.04119116, 0.003643446, 0.004452903, 0.041170213, 0.054522634, -0.03859834, 0.023615384, 0.0334556, 0.012624664, -0.006852097, 0.011053504, -0.07135455, 0.014257573, 0.035090152, 0.023924967, -0.03386976, -0.040393107, -0.007702369, 0.027551044, -0.05823645, 0.03998356, -0.029473217, 0.0049325223, 0.05654422, -0.07264496, -0.06663835, 0.0042329202, -0.02188181, -0.022980133, 0.03721946, -0.0017921248, -0.05182374, 0.013222147, -0.017360164, -0.021239853, 0.071839936, 0.0028588513, -0.018127117, 0.019486234, 0.012971227, 0.044216465, 0.018635621, 0.021748682, 0.030572115, 0.018476171, 0.04046513, 0.012307342, -0.01337475, 0.0349348, 0.05428829, -0.02230502, 0.024810461, 0.032041017, -0.038408335, 0.041108586, 0.049112342, 0.022171156, -0.029166263, -0.031581987, -0.006516255, -0.011608227, 0.03248583, -0.017104993, -0.010557403, 0.051550798, -0.008531752, -0.07776405, -0.007734239, 0.03266176, 0.041730855, 0.0039026393, -0.053900674, -0.01663804, 0.023052441, 0.015306124, 0.028617907, 0.03591426, 0.01715017, 0.041815758, -0.056729354, -0.03517369, -0.0127690425, -0.008672485, 0.056875076, 0.0021134436, 0.03904907, -0.021779943, -0.0382507, 0.024155904, -0.030126167, -0.000472454, 0.005141613, 0.03045256, 0.06560455, -0.065136656, -0.03631611, 0.03569227, -0.051900692, 0.013669076, -0.049231805, 0.008104547, -0.017872324, 0.026579017, 0.028835356, 0.065406136, -0.033016108, -0.025961844, -0.08022658, 0.005637888, 0.016282279, 0.042515643, -0.024652427, 0.046826977, -0.05033258, 0.008804139, 0.030109057, 0.0021528695, -0.012853725, 0.016674768, 0.03908492, -0.000107277825, 0.023600975, 0.0633805, 0.025231399, 0.031347573, 0.048852947, -0.021066535, -0.022389209, 0.047491055, -0.056108456, 0.027905254, -0.034805454, -0.038787257, 0.0006652675, -0.035711516, 0.006584786, 0.034546185, -0.0007253358, 0.033857174, -0.03582436, 0.0534839, 0.0055409633, -0.024078226, 0.03267418, 0.015217036, -0.059250634, -0.008531829, -0.04009246, 0.00037269783, 0.009065665, 0.0039134566, -0.0014231699, 0.0649832, -0.014350468, 0.029742604, 0.044860736, 0.0007302608, 0.022375492, 0.019075364, -0.0369919, 0.013110023, 0.02466209, 0.017372562, 0.03720416, -0.004248657, 0.019615939, -0.024960939, 0.025521813, -0.00034185871, -0.02472415, -0.028797276, -0.01803133, 0.013509405, -0.059325654, 0.05393326, -0.073365025, 0.0044248686, -0.03097362, 0.028838648, -0.043240827, -0.0057093473, -0.016234713, -0.050182767, -0.031751297, 0.030654816, -0.021345861, 0.04800155, 0.003431444, 0.064183734, -0.03349745, -0.00795028, -0.042151187, -0.005066544, -0.038691018, -0.018893259, -0.024147369, -0.02463205, -0.007271376, 0.0014043358, 0.017747823, -0.007695366, 0.0052010785, -0.060662784, -0.05208471, -0.02826264, -0.0006383483, 0.06376444, 0.01625098, -0.05152618, 0.016526008, -0.0053660627, -0.08652476, 0.040618952, 0.026635231, 0.003124557, 0.03965001, 0.0037947323, -0.02419905, 0.012670664, 0.016018825, -0.010178271, -0.014884197, -0.0238447, -0.007624607, -0.053063482, -0.02431259, 0.008401721, -0.08161687, -0.009489161, 0.037849505, -0.0045821494, 0.06079131, 0.0027903663, 0.0019229841, 0.038951043, 0.024951847, -0.027811209, -0.0011179078, -0.0003914078, 0.0025760047, 0.034065258, 0.004512655, -0.023607818, -0.02290042, 0.045106165, -0.052865285, 0.09287975, 0.018813575, 0.0344014, 0.01801154, -0.063965105, -0.04257334, -0.03322675, 0.035655517, -0.029848026, -0.019959077, -0.05348584, -0.03183733, -0.025633508, 0.06385063, 0.03146755, 0.018324697, -0.025935492, 0.018418133, -0.0117900865, -0.027336204, 0.0056843823, -0.017369673, 0.026693692, -0.05144948, 0.035937928, 0.02937459, 0.017703407, -0.008876187, 0.07803032, 0.053321026, 0.025477577, -0.019394577, -0.039077498, -0.037521802, 0.023485499, -0.06428522, -0.056627095, -0.026572188, 0.043339554, 0.045809105, -0.05139286, -0.028996725, 0.0028174988, -0.0034747547, 0.041896746, -0.04178914, -0.10675087, 0.00408607, 0.003756679, 0.01405198, -0.020407919, 0.013864482, -0.008318622, 0.021954523, 0.058310457, 0.058656033, 0.005472191, 0.0124670025, -0.0011072111, 0.014097625, 0.053988308, -0.015633913, 0.010295295, -0.0023167331, 0.07195219, -0.02867868, 0.03336958, -0.054504707, -0.045072332, -0.0055601243, -0.02121456, -0.020060021, 0.0047046905, -0.0044271955, -0.0058802166, -0.035303157, -0.06427195, 0.01162803, -0.037655715, 0.0033806758, -0.012226832, 0.0011908354, -0.047481548, -0.023498135, -0.005097995, 0.023261482, -0.04572651, 0.004816345, 0.008526005, -0.049051967, 0.00525237, 0.08661016, 0.034913283, -0.008947524, -0.0440876, -0.050970413, -0.030187497, 0.032531563, 0.05005127, -0.022484813, -0.03623088, -0.06739398, -0.022452855, -0.0610771, -0.013610849, -0.037826743, -0.015894765, -0.022791611, 0.007453241, -0.015587775, -0.070762016, 0.02210898, 0.043256428, -0.015812779, -0.029052889, -0.04556977, -0.045903094, -0.044172287, -0.034998626, 0.013984764, -0.00045296457, 0.06951817, -0.023058368, -0.049626544, -0.01740821, 0.04198261, 0.03920108, -0.019826578, 0.025675151, -0.0024587386, -0.029055778, 0.059163842, 0.044930305, 0.04921398, -0.009588658, 0.042411476, 0.07253139, 0.0072763534, -0.00138323, -0.014590471, 0.03349956, -0.035586603, -0.0035210017, -0.058167327, -0.037755713, -0.042683437]"
sop-penutupan-rekening.pdf-1," atau dalam sengketa hukum tidak dapat ditutup sampai status
diselesaikan.
3. Biaya Penutupan
Biaya administrasi penutupan rekening sebesar Rp 25.000, dipotong langsung dari saldo akhir sebelum
pencairan. Penutupan rekening yang baru dibuka kurang dari 30 hari dikenakan biaya tambahan Rp
50.000.
4. Tahapan Proses

Nasabah mengajukan permintaan penutupan ke Customer Service.

Verifikasi identitas dan status rekening (tidak ada blokir/sengketa).

Penarikan saldo akhir dikurangi biaya administra",sop-penutupan-rekening.pdf,"[0.030906336, 0.013060376, -0.16682841, -0.05803598, 0.03137252, -0.032648634, 0.01875912, -0.012167643, 0.056916337, 0.033704273, -0.048172075, -0.003793576, 0.015001367, -0.034402523, 0.040098418, -0.014319052, 0.014421518, -0.10579289, -0.08958518, 0.021065634, -0.011463944, 0.0053700935, -0.07918073, -0.04915663, 0.02172845, 0.014974139, 0.012567653, 0.019901011, -0.008389093, -0.044445433, 0.038279805, -0.012450082, 0.0055136424, 0.003531117, -0.010701924, -0.021608502, 0.10600428, 0.019530129, 0.016563283, -0.0037574028, 0.021800598, -0.056657393, 0.025796048, -0.013341573, 0.031450752, 0.0041894587, 0.029973747, 0.05906993, 0.06638227, -0.011616763, 0.006754279, -0.017007604, -0.00822329, 0.010766271, 0.007950215, 0.03962563, -0.020505099, 0.010204613, -0.0628691, -0.023225566, 0.05698239, 0.074998744, -0.037133675, 0.07135987, 0.017616045, -0.048689656, -0.008110862, 0.06606033, -0.03037542, -0.037813924, 0.026404489, -0.018248718, -0.025564551, 0.010285832, -0.018610293, -0.039354656, -0.05204297, -0.054057676, 0.015844926, 0.03168677, 0.0323812, -0.048902616, 0.079800814, -0.0050645676, 0.04881019, -8.00183e-05, -0.006739622, -0.0061529754, -0.03741594, 0.04720216, 0.001989243, -0.021490674, 0.048236713, 0.01228238, -0.06987599, -0.0012254228, 0.008874493, 0.004568263, -0.020636646, -0.05320614, -0.03301725, -0.029093077, 0.034933608, 0.02332659, 0.021822382, 0.0569634, 0.010268186, 0.035387535, 0.0003678927, -0.008680952, -0.03257513, -0.011552365, 0.005774233, -0.0150030935, 0.02140056, 0.03583382, 0.019965883, -0.01837977, 0.020413145, 0.038024243, 0.017276116, -0.025256542, -0.0014165819, 0.03141703, 0.014931632, 0.020305553, -0.094698116, 0.025758255, 0.028393753, -0.04079971, 0.0036617792, 0.0056837094, -0.06067611, 0.007334098, 0.015080949, 0.019426607, -0.00036895895, -0.016137145, 0.003527016, 0.0018482847, 0.07590568, 0.021207213, 0.030975608, 0.009544, 0.0007978901, -0.057151787, 0.06478036, -0.024136, -0.0029712399, 0.032783918, -0.0034317155, -0.017380076, -0.0423033, 0.053749125, 0.043313585, -0.027617728, -0.030936021, -0.0118135335, 0.03803586, 0.0042019086, 0.014208262, -0.014144425, -0.048057564, 0.05662757, -0.005150523, 0.014721205, 0.024543373, 0.039204247, 0.0028753157, 0.0067389207, -0.045442313, -0.023587272, 0.0066827806, -0.03583819, 0.04125751, -0.0088415025, 0.0051125525, -0.044518944, -0.0077165766, -0.05743762, -0.018684907, -0.035523172, 0.0373083, 0.09120198, -0.03069008, -0.017667664, 0.04264138, -0.0664231, 0.025356224, -0.042820647, -0.014237602, 0.054858454, -0.019393569, -0.0008180386, -0.019445406, -0.057847757, 0.04253398, 0.040743083, 0.008259398, -0.045733627, 0.021502607, -0.01745568, 0.0017259876, 0.009927692, 0.00908925, 0.035828266, -0.017596673, 0.05208549, -0.014282117, -0.015585338, 0.049803946, -0.044001684, -0.01891381, -0.004829214, 0.028491063, -0.05095557, 0.032648087, -0.013298621, -0.016863972, 0.026573483, -0.018411294, -0.030509237, 0.031859417, -0.028536063, 0.018708222, 0.033610493, -0.03490276, -0.019626683, -0.015185688, -0.011013357, -0.03143068, -0.09959654, 0.037319187, 0.021622801, -0.0008497271, 0.029585939, 0.0010779622, 0.0041486104, 0.03216151, -0.030307272, -0.01834409, 0.052941058, 0.013751094, 0.047915608, -0.03755155, 0.011109408, -0.0018478758, -0.050768897, 0.02174262, 0.025911095, 0.028001595, -0.009733492, 0.06621896, 0.01927965, 0.0022972962, -0.019053532, -0.025393385, 0.03318404, 0.07798103, 0.012109082, 0.009751849, -0.059721813, 0.05650394, -0.021437563, 0.018525723, -0.013190869, -0.054445807, -0.009750991, 0.00040128359, -0.006483342, 0.076606706, 0.033964366, 0.012363664, 0.051870752, -0.0061227055, 0.009855216, -0.028460832, -0.04401228, -0.06769201, 0.057099383, 0.0003964141, -0.08630149, 0.0068394276, -0.0007037414, 0.027185375, 0.018216858, 0.025139214, 0.029430935, -0.019775443, 0.050909236, 0.055827368, -0.02433258, -0.022455681, 0.037939448, 0.0053218766, 0.0017017998, 0.040705405, -0.009026195, -0.016243724, -0.018740177, 0.018079353, 0.006474508, 0.011944813, 0.0035404323, 0.013566652, -0.022516483, 0.02983765, 0.03083414, 0.045311756, 0.0059871743, -0.042324394, -0.0010952683, -0.059000056, 0.009095504, -0.031525027, 0.026618967, 0.003090905, 0.037390094, 0.04996637, 0.058342595, -0.032798428, -0.020521116, -0.018179439, -0.01281892, 0.01072347, 0.048303228, -0.045865525, 0.04742954, -0.0038818787, -0.015182254, -0.00791967, 0.009713276, 0.010622278, -0.102650754, -0.044820182, 0.045477964, -0.01374136, 0.011757485, 0.033492457, 0.046792764, 0.088731594, -0.026789773, -0.02989463, -0.08012655, -0.012518912, -0.021986388, -0.023238996, -0.011162945, 0.042694658, 0.034857128, 0.009051226, -0.0043359, 0.0031131587, 0.00489686, -0.018126031, -0.053710356, -0.022921057, 0.051346134, -0.005528907, 0.009480856, 0.05260185, 0.004863839, 0.03810381, 0.0023153373, -0.0042482694, 0.032215875, 0.013898376, 0.006762022, 0.04731755, -0.019427678, -0.019971954, -0.05655846, -0.05536997, -0.014618718, 0.025341703, 0.0045585185, -0.062437076, -0.0205084, -0.03579427, 0.066598944, 0.027701186, -0.028083332, 0.02983462, 0.004547972, 0.03547682, -0.030213106, 0.040420827, -0.038371872, -0.014220594, 0.010574054, 0.01635352, -0.06481664, -0.024271963, -0.002824149, 0.02977464, -0.035188388, 0.026823008, -0.012956565, 0.019417768, 0.028733244, -0.07531299, -0.05881458, 0.04052003, 0.032599136, 0.013501118, 0.019754466, 0.004570359, -0.032018594, 0.037240196, -0.008957914, -0.021385659, 0.06899405, -0.021777341, -0.025639206, 0.012043311, 0.008269414, 0.053599108, 0.013993244, -0.0024092349, 0.021994267, 0.02784646, 0.01637792, 0.03488074, -0.013461093, 0.03557092, 0.0042397953, -0.022862, 0.04158368, -0.006713785, -0.016524037, 0.017574366, 0.04472129, 0.017736394, -0.049781095, -0.030066945, -0.0042775837, -0.0043808687, 0.024058618, -0.016630733, -0.0027113983, 0.030500373, 0.001439135, -0.061708957, -0.014026819, -0.015854191, 0.00653886, -0.0073279412, -0.031102292, 0.003980686, 0.014728803, 0.012352698, 0.00768511, 0.010160264, 0.0038035677, 0.06980827, -0.04237538, 0.020599956, -0.0073387367, 0.011620757, 0.091685005, 0.02147229, 0.030706853, -0.050585866, -0.00771958, 0.027489131, -0.035000317, 0.047004826, 0.014545282, 0.048626494, 0.077158235, -0.04215046, -0.018567283, 0.061339296, -0.031830855, -0.013449164, -0.033780828, -0.032413434, -0.0038086893, 0.016346792, 0.11763925, 0.069808826, -0.06448049, -0.03212762, -0.064984456, 0.021855667, 0.04991243, 0.053932644, 0.0066518327, 0.017299192, -0.05183795, 0.02489291, 0.064776115, 0.020652972, 0.002937982, -0.036595035, 0.0351629, -0.05558407, 0.018837327, 0.014864983, 0.03705324, 0.010896376, 0.027689511, -0.019259045, -0.022076864, -0.0010797902, -0.08077923, 0.02684787, -0.045207884, 0.015829355, 0.009591734, -0.040906772, 0.00452171, 0.045077246, 0.030364329, -0.0013151612, -0.045379654, 0.014110964, 0.050075077, -0.037852984, 0.05073426, 0.016277283, -0.038330145, 0.028590031, -0.065870635, -0.05048305, 0.0050798263, 0.02120175, -0.00699211, 0.06245129, -0.03492784, 0.026778303, 0.0772453, 0.020915598, -0.018958518, 0.015820371, -0.035861537, -0.012505974, 0.032037523, 0.032644503, 0.058678884, 0.0041481373, 0.0029682587, 0.005199495, 0.017634219, 0.033090886, -0.041710798, -0.06726941, -0.025189303, -0.005771804, -0.016753508, 0.067200795, -0.04921735, -0.02039191, -0.032235537, 0.029497698, -0.05105993, 0.0064873286, -0.024498519, -0.04435449, -0.021269934, 0.02440404, 8.1166094e-05, 0.027095068, -0.0056595607, 0.025887208, -0.074218005, 0.012610077, -0.0007937523, -0.0036763863, 0.019056201, -0.043794565, 7.7030774e-05, -0.01436009, -0.01163976, 0.012581945, -0.020859811, -0.02198839, -0.020898687, -0.05572272, -0.036285236, -0.028559396, -0.0027558324, 0.050164275, 0.062571414, -0.01614322, 0.017191919, -0.038449936, -0.06677526, 0.015572723, -0.0021665809, 0.021939378, 0.022922892, 0.022652354, -0.017779138, 0.007923902, 0.010033207, -0.009328065, -0.013116103, -0.012880117, -0.006794997, -0.021001816, 0.0042580552, -0.0147069115, -0.052694015, 0.003103143, -0.011584382, 0.012551574, 0.02961245, -0.017637076, -0.065015346, 0.03972431, 0.043661825, 0.0015860675, 0.01845531, 0.015817892, 0.011832912, 0.04881261, 0.00585209, 0.016666217, -0.016975649, -0.0073610996, -0.06258593, 0.10532462, 0.02312048, 0.06812107, 0.0088947145, -0.036229644, -0.042752314, -0.03423058, 0.05071071, -0.031491976, -0.022270594, -0.04287105, -0.04928384, -0.0387743, 0.03628258, 0.04013269, -0.026451768, -0.035630975, 0.01763239, 0.0129463095, -0.040740494, 0.008127656, -0.01742593, 0.04381879, -0.0337584, 0.03856414, 0.07183724, 0.06090395, -0.00537027, 0.068350606, 0.03326682, 0.004578393, 0.006722892, 0.011306108, -0.026656337, -0.008326484, -0.02017651, -0.060647678, -0.031566292, 0.0730555, 0.05065906, -0.06997631, -0.020139521, 0.023003416, -0.016597636, 0.033338528, -0.047324, -0.08167426, -0.01755284, 0.036300737, 0.014969076, 0.023947066, -0.021647677, 0.012997032, 0.039977945, 0.056914903, 0.045063864, 0.0065130913, 0.04878751, -0.027770815, 0.015476679, 0.021742849, -0.0017327693, -0.017087372, 0.0073914984, 0.048710827, -0.028152378, 0.059008647, -0.045068793, -0.030509908, -0.021212379, -0.009398182, -0.04359655, -0.014125211, 0.0053212726, -0.004766189, -0.04819341, -0.04781515, -0.007194297, -0.030634502, 0.016825026, 0.011572438, -0.0034900212, -0.034888867, -0.023276567, -0.034456618, 0.015044029, -0.04572367, 0.032955598, -0.033247255, -0.028897632, -0.04379207, 0.03383362, -0.01810887, 0.013382418, -0.07156492, -0.014163476, -0.01959898, -0.009065275, 0.0492565, -0.0043022763, -0.029190438, -0.061095458, -0.05449467, -0.022616643, 0.008638528, -0.031704865, -0.012443396, -0.03358928, 0.015168823, -0.016513616, -0.08805887, 0.021391455, 0.016840125, 0.012274352, 0.008586904, -0.027667282, -0.033312432, -0.043715023, -0.026137281, 0.010831623, 0.005302824, 0.065853, 0.0035733783, -0.07964402, -0.03853583, 0.035502285, 0.018967893, -0.0434659, -0.028276127, -0.030336821, -0.056668233, 0.050367765, 0.003707786, 0.0658204, 0.041544855, 0.011759886, 0.0631437, 0.014065506, 0.0011928235, -0.025050357, 0.035474136, -0.050335504, -0.0069535733, -0.0654518, -0.043414045, -0.037596148]"
sop-penutupan-rekening.pdf-2,"
Penarikan saldo akhir dikurangi biaya administrasi.

Kartu ATM digunting dan buku tabungan ditandai tutup.

Konfirmasi penutupan rekening dikirim ke email/SMS nasabah.
5. Estimasi Waktu
Proses penutupan rekening diselesaikan dalam 3 hari kerja sejak permintaan diajukan, termasuk verifikasi
status rekening di sistem pusat.
",sop-penutupan-rekening.pdf,"[0.043794136, 0.024132565, -0.166896, -0.035425887, 0.029269641, -0.030288013, 0.02183929, 0.008615195, 0.041934736, 0.01554757, -0.06269061, 0.047742635, 0.055166513, 0.0122324005, 0.00092770887, -0.018622184, 0.014361459, -0.09268182, -0.10433984, 0.037560567, 0.019902568, 0.0012345612, -0.09624314, -0.029333178, 0.029566053, 0.018062603, 0.025714787, 0.034373846, -0.029721044, -0.04699567, 0.061287977, -0.014987473, -0.023654044, 0.03431412, -0.024515187, -0.038727447, 0.06557286, 0.010184752, 0.019447291, -0.050706465, 0.034614254, -0.04623679, 0.01057418, 0.011646714, 0.037799083, 0.018047145, 0.03792152, 0.049985405, 0.10716178, -0.03755579, -0.015964445, -0.061487403, 0.009001666, 0.015254805, -0.0057721054, 0.035368342, 0.004486128, 0.013564111, -0.022909606, -0.03743995, 0.055651646, 0.05758639, -0.036776766, 0.08012096, 0.0113555575, -0.02259058, -0.021538772, 0.043646526, -0.024524286, -0.029145634, 0.065434046, -0.00237918, -0.040332418, 0.023346959, 0.010629033, -0.019589646, -0.032158434, -0.0713572, 0.017726595, 0.033445742, 0.05930743, -0.03163741, 0.1034688, 0.0048258957, 0.057218574, 0.023529464, -0.0032882525, -0.0034877185, -0.040738206, 0.051017076, 0.0065628705, -0.021540234, 0.032210417, 0.005807248, -0.057514235, 0.005173194, -0.0017637105, 0.012447093, -0.050355572, -0.03341085, -0.04684733, -0.014989309, 0.062000215, -0.0044197226, 0.034621656, 0.042200863, -0.002096239, 0.006268391, 0.01648051, -0.009038376, -0.022802796, -0.024515638, -0.0090293735, -0.0096892975, 0.03484117, 0.036754694, 0.018831274, 0.003912515, 0.022909852, 0.023763353, 0.017445832, -0.053604253, -0.0042740386, 0.020877805, 0.016906068, 0.025436178, -0.053538874, 0.039999023, 0.019387113, -0.056036845, -0.006281487, -0.020003155, -0.018902535, 0.013900829, 0.043999318, 0.006811368, -0.0015001649, -0.043105017, 0.0054633557, -0.02280955, 0.051753234, 0.025250042, 0.03632866, -0.0040353513, -0.007707302, -0.055990994, 0.096841656, -0.0063278526, -0.003921482, 0.008504527, -0.017440235, -0.029152198, -0.047198925, 0.03584899, 0.037893523, -0.02810408, -0.03737415, -0.0011701429, 0.030626502, 0.013672616, 0.046817478, 1.193087e-05, -0.016931767, 0.042018667, -0.017701799, -0.0058887503, 0.015100662, 0.04988886, 0.0040395446, -0.00805362, -0.03266694, -0.03799967, 0.01623104, -0.024730653, 0.027734684, 0.011892258, 0.030624665, -0.009131378, -0.001148394, -0.054798163, -0.012588167, -0.022470932, 0.06491038, 0.082469605, -0.040562622, -0.022371456, 0.043079477, -0.017795367, -0.02220947, -0.046731666, -0.0079051, 0.032676723, -0.022646567, -0.017380426, -0.008817558, -0.026033137, 0.07141117, 0.045745544, 0.027392665, -0.014246522, 0.03319631, -0.007250036, 0.0048988694, -0.01568373, 0.011544581, 0.01626103, -0.022764139, 0.034867123, -0.024784494, -0.020933622, 0.07225069, -0.004375094, -0.025345357, -0.008300729, 0.038470205, -0.013570184, 0.040393095, -0.0145885125, -0.022929395, 0.013439987, -0.0045759524, -0.02911981, -0.0024595226, -0.030619811, 0.014143883, 0.015757618, -0.037699245, -0.027852153, -0.036604833, -0.0123189, -0.02806641, -0.099014275, 0.048069622, 0.02598544, 0.017889269, 0.037841294, 0.015358036, 0.012017567, 0.021269206, 0.0026411829, -0.01619888, 0.06065254, 0.017007494, 0.015369352, -0.040163446, 0.005129057, 0.021955518, -0.05617058, 0.01862661, 0.011980316, 0.033662703, -0.015247781, 0.03658222, 0.004951742, 0.00959815, -0.025402578, -0.028367046, 0.007699072, 0.054983713, 0.0073431265, 0.019806992, -0.05765825, 0.060681935, -0.022680378, 0.029244626, -0.06763501, -0.046293132, -0.0024015736, 0.039277364, -0.028545745, 0.045446727, 0.033788186, 0.017143589, 0.037089907, -0.020270558, 0.0016316709, -0.024632564, -0.038362008, -0.045360126, 0.08450958, -0.044846233, -0.05023165, -0.011003344, -0.010163142, 0.0073073916, 0.008207509, 0.017897885, 0.042686664, -0.036707636, 0.060634345, 0.041408908, -0.016787685, -0.04295036, 0.03292297, -0.015092183, 0.023732634, 0.023612026, -0.012537825, 0.009891559, -0.04062771, 0.037883595, -0.0047992654, -0.0015190716, 0.005787959, 0.0049524433, 0.008016698, 0.0306332, 0.008492779, 0.05135856, -0.018729424, -0.044380434, 0.005053675, -0.035380248, 0.029496474, -0.034777306, 0.05898563, -0.0036127265, 0.038479384, 0.051118735, 0.06369242, -0.03937662, -0.039730612, -0.013673054, -0.0073507642, -0.0011894245, 0.051432673, -0.03323789, 0.06331981, 0.0035407974, -0.006794239, -0.023341656, 0.013469548, 0.023633875, -0.09938803, -0.037628744, 0.05885959, -0.019599967, 0.0031872361, 0.0103252325, 0.038335573, 0.057178803, -0.011281556, -0.0051685763, -0.06819682, -0.013562736, 0.007908955, -0.020916011, -0.033990666, 0.05896242, 0.021878537, -0.032977484, 0.008152952, 0.025873177, -0.0059523354, 0.012369686, -0.043649416, -0.019733971, 0.040345386, 0.009844788, -0.008248801, 0.024370352, 0.0045605116, 0.021657905, 0.011564355, -0.007841754, 0.0228451, 0.010560687, 0.00860923, 0.024630621, -0.028267788, 0.006968113, -0.037474513, -0.06370577, 0.02048481, 0.0093034115, 0.023140797, -0.051076815, 0.0067956066, 0.0053498964, 0.03778661, 0.035178136, 0.005098254, 0.007597603, 0.005084568, -0.00037669652, -0.054768626, 0.04160167, -0.015053976, -0.009758966, 0.027389495, 0.013454507, -0.037681825, -0.03620995, 0.008449901, 0.0035789653, -0.04061227, 0.02696324, -0.025772948, 0.01952474, 0.017430209, -0.05476445, -0.05713799, 0.032874487, 0.027160844, -0.0045147506, 0.00600182, 0.016522806, -0.039668195, 0.012244311, -0.021871256, -0.014475184, 0.06741141, -0.03072295, -0.03267032, 0.011133011, 0.0057622497, 0.044795305, 0.002721385, 0.0073423698, 0.033640385, 0.048594546, 0.017404031, -0.006793745, -0.0056806174, -0.0075580217, 0.036845885, -0.024449814, 0.017679645, 0.024224238, -0.022919625, 0.033956204, 0.039858345, 0.013089521, -0.016855296, -0.045500483, -0.017926492, -0.0067430576, 0.0357296, -0.003591278, -0.03174951, 0.044988804, -0.013556188, -0.047661502, -0.009985229, 0.014238929, 0.019802215, 1.18268135e-05, -0.0387484, 0.010250031, 0.028878648, -0.0052275094, 0.038898107, 0.031183554, 0.022672877, 0.049581002, -0.03925394, -0.025401866, -0.015447378, 0.007597115, 0.088035755, -0.0086365035, 0.04490459, -0.0035590676, 0.009157967, -0.00049946277, -0.05572907, 0.051701885, 0.001371417, 0.061979916, 0.065302774, -0.029474493, -0.020166922, 0.06033445, -0.05243253, 0.0024648427, -0.037378438, -0.030569125, -0.0023902764, 0.035432976, 0.10056594, 0.05848531, -0.050858725, -0.029311758, -0.08536118, -0.010837741, 0.06099989, 0.074938655, -0.015248191, 0.021683592, -0.06329912, 0.04283296, 0.044342324, 0.013206181, -0.022407597, 0.005933686, 0.011869251, -0.08377477, 0.010673605, 0.0125914635, 0.014770364, -0.0032619075, 0.020772474, -0.025080051, -0.00048358968, -0.00072757684, -0.09252136, -0.018945167, -0.06133317, -0.01105725, 0.0049978993, -0.04034295, -0.006850003, 0.035203114, 0.038670037, 0.022242878, -0.06557829, 0.001322633, 0.04046766, -0.036476042, 0.03410857, 0.03929302, -0.043181416, 0.027760627, -0.041500743, -0.045941148, -0.024047188, 0.036737297, -0.03289792, 0.052447814, -0.025702959, 0.017279735, 0.06570014, 0.01775104, 0.0008132638, 0.029271686, -0.040789053, -0.011458822, 0.023728767, 0.026106905, 0.05386849, 0.0029475575, 0.01741395, -0.016244505, 0.021689184, 0.026080288, -0.04528893, -0.050818697, 0.003126498, -0.0068358937, -0.040074777, 0.061371047, -0.075870715, -0.032321148, -0.04815341, 0.04239076, -0.040627874, -0.009766315, -0.040477958, -0.015126372, -0.019502524, 0.016447319, -0.00030388366, 0.04119142, 0.00727422, 0.008508207, -0.086357616, 0.00037267755, 0.00042604105, -0.034512732, 0.015347793, -0.02602785, -0.0016973624, -0.06238613, -0.020685168, 0.0067641013, -0.0015698597, -0.0110176215, -0.019758005, -0.051581077, -0.045926712, -0.027087037, 0.0033566507, 0.07637714, 0.040611997, -0.03414065, 0.0005661065, -0.024155611, -0.044902865, 0.06454072, 0.018785967, 0.003910852, 0.04116557, 0.017077127, -0.026865968, -0.012246764, 0.018757816, 0.004330067, 0.011775346, -0.022912579, 0.01274761, -0.017768508, -0.0042701676, -0.008344825, -0.03371827, 0.00092858606, 0.0056525287, 0.009431808, 0.040914662, 0.012277048, -0.043890968, 0.062024675, 0.020800965, 0.021329867, 0.020354258, 0.007076484, -0.002287431, 0.0549163, -0.005566068, -0.022088131, -0.009850231, 0.0034095778, -0.05909419, 0.11167199, 0.032834888, 0.032433767, 0.0017334451, -0.029202376, -0.047603924, -0.04819527, 0.040347658, -0.043653373, -0.032141056, -0.049051378, -0.047619738, -0.036882687, 0.037300736, 0.07332155, -0.0044891248, -0.04745114, 0.02430074, 0.017088605, -0.036453635, 0.031577453, -0.00053440296, 0.041130748, -0.04685095, 0.0303168, 0.066603884, 0.070430085, -0.0103217, 0.07995592, 0.03792961, 0.024655897, -0.002406443, 0.011105245, -0.017943596, -0.0041905404, -0.018473443, -0.06445659, -0.030748447, 0.032933977, 0.04376293, -0.03981528, -0.023972923, 0.018590957, -0.028444756, 0.06573705, -0.046787318, -0.07747094, -0.020848872, 0.01321516, 0.009847808, 0.06676365, -0.016523045, -0.0075589563, 0.015047584, 0.06612086, 0.031931154, 0.0020940383, 0.041036434, -0.0317232, 0.01197766, 0.046106234, 0.0054626437, -0.010629148, 0.030468006, 0.06990618, -0.008394408, 0.040212825, -0.04785105, -0.039931368, -0.028681884, -0.01942621, -0.06640469, -0.0076856245, 0.0063507357, 0.0043422156, -0.03409191, -0.05896585, 0.0048159175, -0.06997921, -0.0035067473, 0.031060696, 0.006646855, -0.052678745, -0.03503352, -0.04623939, 0.014545857, -0.05163731, 0.021953018, -0.019591883, -0.01569939, -0.011326864, 0.03303785, -0.017491547, 0.0010110571, -0.0507117, -0.020448988, -0.011922363, -0.0135525325, 0.03517538, -0.029321251, -0.043810975, -0.08808291, -0.04142565, -0.029057756, 0.023850009, -0.03756539, -0.017066386, -0.039884128, 0.01889471, -0.0026965593, -0.056810368, 0.029850371, 0.018908717, 0.021755796, -0.009894739, -0.033894993, -0.03981127, -0.05149202, -0.01662585, 0.0091154, -0.020254107, 0.044633638, 0.022146365, -0.089475915, -0.03862533, 0.040714066, 0.011263273, -0.04723418, 0.00026741068, -0.04031469, -0.040559396, 0.02992318, 0.0057531577, 0.05666736, 0.008229593, -0.014362266, 0.044759184, 0.015775435, -0.011797752, -0.02582631, 0.03396906, -0.036941282, -0.010711415, -0.081096895, -0.012249852, -0.038729776]"
sop-reimbursement-biaya-operasional.pdf-0,"SOP Reimbursement Biaya Operasional - PT Nusantara
 Finance
1. Tujuan dan Ruang Lingkup
Prosedur ini mengatur penggantian biaya operasional yang dikeluarkan karyawan dalam menjalankan
tugas kedinasan, termasuk transportasi, akomodasi, dan konsumsi dinas luar kota.
2. Batas Klaim

Plafon reimbursement biaya operasional maksimal Rp 2.000.000 per bulan per karyawan.

Biaya transportasi dalam kota diganti sesuai tarif riil dengan bukti kuitansi.

Biaya akomodasi dinas luar kota maksimal Rp 750.00",sop-reimbursement-biaya-operasional.pdf,"[0.007800865, 0.052907858, -0.18102986, 0.0034601593, 0.0192067, -0.035144065, 0.004404738, -0.022482922, 0.028477853, 0.022600442, 0.0089411475, -0.029700125, 0.026008073, -0.04752785, 0.0050131227, -0.03787135, 0.0018241826, -0.0021218976, -0.050598454, 0.00061499333, -0.07011132, 0.03452122, -0.062740065, -0.02787869, 0.06524115, 0.021231782, -0.0065824846, -0.0072782906, -0.020431437, -0.09447971, 0.034475226, -0.03937398, -0.034687158, -0.033597764, -0.022504669, -0.042677205, 0.09922481, 0.030501064, 0.003849822, -0.037289187, 0.014934538, -0.066427715, 0.025829688, 0.01843007, 0.053466395, -0.013709948, 0.04593264, 0.05180963, 0.018019257, 0.007142738, -0.016620355, 0.011646742, -0.021790933, 0.025626395, -0.06466923, 0.010914933, -0.044175375, -0.017689433, -0.03386432, -0.032038763, 0.052772284, 0.09588859, -0.0045863357, 0.043783814, 0.030945703, -0.013492082, -0.02849404, 0.014275653, 0.004007786, 0.0034735978, 0.02370419, 0.029433018, -0.029008573, -0.01718615, 0.052187517, 8.1102306e-05, -0.043885875, -0.002534965, -0.04675882, 0.057532307, 0.011442486, -0.036550164, 0.08879662, 0.0328989, 0.08609984, 0.0038981452, -0.009526514, -0.011282825, -0.06512896, 0.06084306, -0.017721968, -0.01783022, 0.05304826, 0.055207368, -0.07020005, -0.018856738, -0.013010279, 0.0010767541, -0.015881622, -0.026152559, -0.03833418, 0.03825762, 0.05825916, 0.04287601, 0.048712038, 0.041841436, -0.014893908, 0.0450938, -0.005091173, -0.012351619, -0.015441955, 0.0041491333, -0.002793061, -0.05005554, 0.013784337, 0.01779267, 0.009716566, -0.029380972, 0.04894918, 0.08568573, -0.03371475, -0.050882, 0.03418085, 0.049807847, 0.054860935, 0.002422906, -0.084942, 0.03355134, 0.04085739, -0.03924126, 0.045099646, -0.03546122, -0.035357572, -0.0100615155, 0.014084503, 0.018840808, -0.0006299632, 0.02252006, -0.025385253, -0.005549028, 0.08426789, -0.02310279, 0.047771174, 0.00096406625, -0.027881805, -0.030369755, 0.06870328, -0.011980232, -0.031794176, 0.047638, -0.0020717285, -0.0036237498, -0.03306349, 0.034073588, 0.016609719, -0.043995705, -0.00057988195, -0.021579048, 0.04001768, 0.019938495, 0.018374752, -0.00015792737, -0.020310264, 0.06123988, -0.01298458, 0.012210969, 0.0023755708, 0.054365505, 0.013214986, 0.014769069, -0.041991934, -0.045366377, -0.003958373, -0.035190385, 0.057656724, -0.015345086, -0.007314241, -0.010807211, -0.0031918944, 0.00784207, -0.009906196, -0.04546394, 0.029312396, 0.06851818, -0.04901987, -0.056186922, -0.0012100858, -0.028446127, -0.042197578, -0.027147349, 0.002475191, 0.08570888, -0.041101497, 0.0004497776, -0.053666368, 0.0050678076, 0.047045246, 0.04378235, 0.0006769049, -0.06829741, 0.041637614, 0.0061479257, 0.017634973, -0.033949327, 0.021833012, 0.05509777, -0.03805179, 0.03646128, -0.015459091, -3.241181e-05, 0.032086205, -0.05300735, -0.0027842773, 0.0258724, 0.0238266, -0.042674262, -0.0063532614, -0.041634537, 0.0024733897, -0.019964095, 0.034514286, -0.033835016, 0.027447948, -0.015469275, -0.0067894766, 0.0053198976, -0.010495321, -0.0023630692, -0.0027812168, -0.0023739703, -0.032660294, -0.08290726, -0.007405864, 0.024229046, 0.04179877, -0.01194527, -0.00482347, 0.025181428, 0.007831066, -0.019522514, 0.02285404, 0.056164335, -0.005834053, 0.02067458, -0.018446162, 0.020410152, 0.007982704, -0.042889, 0.0012323112, 0.055495735, 0.060066953, -0.032559436, 0.051787026, 0.0016852081, 0.0070239455, -0.0006798007, -0.035818964, 0.0073185996, 0.06186253, 0.02490398, 0.026036145, 0.006107659, 0.017685417, -0.045789152, -0.029430661, 0.00062641193, -0.049160648, -0.013663593, 0.013285645, 0.0054126056, 0.028672388, -0.0026361714, 0.009365243, 0.04548206, -0.0017580217, -0.022262676, 0.0018163901, -0.031132534, -0.054532442, 0.07082714, 0.004895429, -0.042333174, -0.0068627414, 0.027671715, -0.016013887, -0.013945565, 0.04150334, 0.014346421, 0.0013530394, 0.040256634, 0.038196485, 0.0035272434, 0.0028194801, 0.049728926, 0.012970397, 0.009206529, 0.04296024, -0.04335691, -0.0007130534, -0.00034105714, 0.03995402, 0.00026079596, 0.056803327, 0.049939983, -0.0014593089, 0.0021652177, 0.02134043, 0.022628345, 0.03946385, 0.002016278, -0.026191184, 0.027506223, -0.017672436, -0.033850554, -0.027017592, -0.010584424, 0.00571526, 0.011345337, 0.040453527, 0.08030972, 0.017848564, -0.026674412, -0.013864227, -0.010599197, -0.017261755, 0.015506548, -0.03912533, -0.01984841, 0.028486595, -0.061201226, -0.048042793, 0.0720777, 0.024343532, -0.0661849, -0.031745244, 0.06888304, 0.024316395, 0.031034563, 0.020739652, 0.016172945, 0.07007614, -0.025202082, 0.009193984, -0.07143482, -0.062160388, 0.012701616, 0.007851687, -0.019538445, 0.036743525, 0.0028507332, 0.006999601, -0.022575522, -0.0010625274, 0.016994141, -0.028686238, -0.013798749, 0.024229355, 0.043574713, -0.01890535, -0.01692975, 0.04072674, -0.050090544, -0.04153955, 0.034177557, -0.056610096, 0.00801277, 0.0402828, -0.01114888, 0.023683613, 0.017514518, -0.00079981214, -0.018194756, -0.042709935, 0.0044828407, -0.012178934, -0.0136617785, -0.046172153, -0.018716244, 0.018789219, 0.062402796, 0.0039203875, 0.012851537, 0.048805244, 0.067647435, 0.037833072, -0.034976818, 0.019771442, -0.071073845, 0.01635416, -0.02239574, -0.014123958, -0.03831749, -0.04860407, -0.044398066, 0.079072826, -0.056470837, 0.07843455, -0.014525403, 0.033147637, 0.04261694, -0.08422244, -0.052638926, -0.024898304, -0.052334044, -0.018359685, 0.006246853, -0.0013875952, -0.036848575, 0.011889447, -0.0037731596, -0.059651326, 0.07747451, 0.03569343, -0.024251455, 0.012641382, 0.0086959265, 0.013518889, 0.013117642, 0.019287797, 0.017983153, 0.016945818, 0.03552945, 0.022896625, -0.031875405, 0.03498601, 0.025119212, 0.02389511, 0.013785011, 0.032226283, -0.0020268725, -0.0013105365, 0.06110203, -0.014965625, -0.01074367, -0.04558724, -0.03194007, -0.0125944195, 0.031997383, 0.03767149, -0.038000215, 0.01634393, -0.014675611, -0.049335256, -0.014723314, 0.032332752, 0.006554273, 0.009929754, -0.07017935, -0.018742513, 0.016626095, 0.016814033, 0.0472199, 0.032643463, 0.0003865873, 0.004976796, -0.014124643, -0.02433505, -0.01848603, 0.00014708978, 0.062178027, -0.001782528, -0.0016948474, -0.038513303, -0.01378894, 0.002229832, -0.021157367, -0.025861243, 0.0047872146, 0.020536456, 0.052798327, -0.06521816, -0.02225624, 0.025320845, -0.051994536, 0.02473819, -0.06872782, -0.030310445, -0.019736014, 0.0055096373, 0.011718875, 0.03661104, -0.007391273, -0.02334907, -0.019684624, 0.026632907, 0.041014493, 0.043890107, -0.03847966, 0.06667877, -0.068920255, -0.014108578, 0.04473165, -0.003071568, 0.03302165, -0.0039731627, 0.037033446, -0.016511254, 0.02491426, 0.046677075, 0.042363647, 0.03431787, 0.061450202, -0.024907032, -0.014591957, 0.05630334, -0.06532223, 0.018341491, -0.026065968, -0.048466485, 0.0104386015, 0.0030567183, 0.0350691, 0.0030819278, -0.04980115, 0.042996634, -0.05462283, 0.059365984, -0.0007660856, -0.04838329, 0.039594773, 0.029515773, -0.051924255, -0.004649656, -0.060687035, 0.011886359, 0.013714744, 0.016376272, 0.0060209073, 0.04283708, -0.001699374, 0.019991387, 0.021356897, -0.023509199, -0.015121467, -0.010811509, -0.012200511, 0.043136448, -0.015201303, 0.037456416, 0.03541972, 0.0148723405, -0.014794315, -0.017935961, 0.03805801, -0.00431981, -0.026092568, -0.029475464, -0.04117634, 0.044019513, -0.07106204, 0.043411545, -0.04199795, -0.018541994, -0.050897375, 0.042923577, -0.026748877, 0.0035861228, -0.040589355, -0.050034847, -0.006659402, 0.015622883, -0.02334935, 0.05540916, 0.013567127, 0.0503898, -0.012251749, 0.009687194, -0.022347083, 0.0014741048, 0.0021958875, -0.00028228774, -0.00967616, -0.011404459, 0.00038530966, 0.008432485, 0.015822757, -0.001979371, 0.0026341984, -0.054687113, -0.032682266, -0.0011217019, 0.038098432, 0.04305733, 0.019175807, -0.06347326, 0.019012226, 0.011499748, -0.12053046, 0.016165715, -0.017053269, -0.032021135, 0.017981716, -0.00041035315, -0.08281491, 0.012535649, -0.0034059577, 0.048946675, -0.0026649446, -0.026642527, -0.030182324, -0.043947954, -0.029272811, -0.006436216, -0.086652495, 0.0032793398, 0.00078153965, -0.03879871, 0.042985663, 0.0024199632, 0.023698004, 0.048361745, 0.041860446, -0.026122043, 0.014240578, -0.006013388, 0.014561992, 0.037770934, 0.017693192, 0.0048293737, -0.068617836, 0.02220587, -0.047752496, 0.060737405, -0.019844059, 0.07234753, 0.029030276, -0.024374424, 0.002599188, -0.017641505, 0.028522495, -0.02685174, -0.017303247, -0.04313936, -0.06084155, -0.032588314, 0.04249563, -0.029962484, 0.019964676, 0.020160267, 0.015294969, -0.01151937, -0.0052272673, 0.025383038, 0.02142444, 0.04968787, -0.05452216, 0.018753333, 0.039204106, 0.0080216685, 0.0026534882, 0.09982778, 0.036563117, 0.024913074, -0.030844105, -0.019566953, -0.06026125, 0.023575138, -0.017432423, -0.043074682, -0.009354324, 0.019202262, 0.022452578, -0.04453186, 0.019736294, 0.022655573, 0.019415416, -0.035625886, 0.013020135, -0.1044134, -0.03809838, 0.0053718365, 0.031014679, -0.04138964, 0.027460191, -0.011556585, 0.02959008, 0.057099376, 0.029237786, -0.007887035, -0.012632695, 0.040244974, 0.0039164736, 0.033178527, -0.0043782424, 0.02064979, -0.024388287, 0.08158876, -0.025335321, 0.04049536, -0.08327684, -0.026449034, 0.008675923, 0.006972483, -0.0020613223, -0.023469241, 0.020043425, -0.02057513, -0.018929262, -0.045658246, 0.037327122, -0.00968764, -0.007300123, 0.018281031, -0.011177745, -0.030168064, -0.032674048, -0.0023544757, 0.008305022, -0.03243973, -0.025802901, 0.025246605, -0.030096395, -0.0170784, 0.06501697, 0.005387574, 0.009373204, -0.02992254, -0.04148712, 0.009034347, 0.0070450194, 0.06130152, -0.0035848524, 0.010857225, -0.09108779, -0.01835368, -0.037500173, -0.008299542, -0.072643, 0.009465177, -0.022625647, 0.014940013, -0.0063315737, -0.058799215, 0.015420894, 0.015959103, -0.03004027, -0.0023558144, -0.05073106, -0.031439405, -0.01715124, -0.022822531, 0.0016410875, 0.026863929, 0.06957628, -0.026979972, -0.043161806, -0.03514603, 0.034077503, 0.049344078, -0.053063273, 0.0039809695, 0.018286232, -0.02820744, 0.021620832, 0.055806484, 0.029698825, -0.017513523, 0.03282853, 0.069732554, 0.025642708, 0.010042441, 0.00795886, 0.0023847003, -0.052555896, 0.018434893, -0.06573803, -0.043673817, -0.06775034]"
sop-reimbursement-biaya-operasional.pdf-1,"Biaya akomodasi dinas luar kota maksimal Rp 750.000 per malam.
3. Batas Waktu Pengajuan
Bukti pengeluaran (kuitansi/invoice asli) wajib diserahkan ke bagian Finance dalam 14 hari kalender sejak
tanggal transaksi. Pengajuan lewat batas waktu tidak akan diproses kecuali ada persetujuan khusus dari
Manager Finance.
4. Tahapan Proses Klaim

Karyawan mengisi formulir reimbursement dan melampirkan bukti pengeluaran asli.

Atasan langsung melakukan verifikasi dan approval awal (maksimal 2 hari kerja)",sop-reimbursement-biaya-operasional.pdf,"[0.04080255, 0.029991578, -0.14443481, 0.00086022913, 0.0010560917, -0.036007218, 0.009278958, -0.008795353, -0.009102205, 0.039072853, 0.0014517752, -0.025922762, 0.06787174, -0.013579918, -0.012732243, -0.05660426, -0.0025744452, -0.022250555, -0.051507678, 0.02812363, -0.064481504, 0.03863694, -0.0929704, -0.027683958, 0.058055427, -0.04383305, 0.01370295, -0.017458646, -0.010776699, -0.0534882, 0.0043892604, -0.035894852, -0.037149012, -0.054228645, -0.042654682, -0.040651664, 0.07530588, 0.03859649, -0.02335711, -0.057553213, -0.0060177883, -0.0085252775, 0.029742887, 0.07687857, 0.034154087, 0.06660533, 0.018330725, 0.018351855, 0.06686562, -0.0014142054, -0.020307673, -0.009374733, 0.014964202, 0.018170327, -0.02792253, 0.0371118, -0.072019696, 0.0018167594, 0.0137225585, -0.056687236, 0.083950795, 0.058915187, -0.032122348, 0.06668434, 0.057316367, -0.017361108, -0.050987933, 0.014759703, 0.016300183, -0.031482384, 0.05284581, -0.019881707, -0.011954321, 0.0044869226, 0.013512166, 0.0022925076, -0.0557663, -0.048095435, -0.029749915, 0.023678463, 0.011047309, -0.022901583, 0.08929737, 0.0069476278, 0.07980371, -0.04465024, 0.01086376, -0.015935123, -0.028180176, 0.017699407, -0.0034284536, 0.008542026, 0.03823622, 0.0016948573, -0.10750036, 0.027648086, -0.0021617692, 0.013611152, 0.0010892045, -0.027889853, -0.022468878, 0.010929696, 0.05339432, 0.057352513, 0.04634149, 0.035056707, -0.0068908134, 0.045030195, 0.012941715, -0.011931056, -0.03640894, -0.018887855, -0.031661663, -0.048344404, 0.0011462652, 0.0011106705, 0.018411776, -0.017335745, 0.015570388, 0.0773543, 0.0077525885, -0.054744255, 0.024320668, 0.009937023, 0.045444224, 0.0017772891, -0.03501194, 0.008919824, 0.057369098, -0.047128987, 0.062265098, -0.03955682, -0.026474182, -0.03411124, 0.043173555, 0.03362214, 0.013798329, 0.047623593, -0.019218935, -0.010396253, 0.08066137, 0.013196593, 0.04022871, -0.018223716, -0.032822207, -0.059389424, 0.0946168, 0.004581083, -0.0048855287, 0.030954497, -0.0034292182, -0.0076314798, -0.032526184, 0.050576396, 0.021988535, -0.040595945, -0.0067898976, 0.0005451704, 0.032177072, 0.037136555, 0.017375905, 0.030361166, -0.010616529, 0.07297527, 0.012895514, 0.035726223, 0.034620047, 0.065483555, 0.049231585, 0.010368271, -0.039735965, -0.013545483, -0.03809147, -0.05801882, 0.068605974, -0.049700487, -0.011813929, -0.019466342, 0.0059952694, -0.01718383, -0.003440026, -0.046747968, 0.022953363, 0.060007714, -0.035190444, -0.020822056, 0.052637663, -0.017579017, -0.008307795, -0.03905145, -0.012357873, 0.084607825, -0.020261904, -0.004643732, -0.008603509, -0.032880116, 0.08267232, 0.049149122, -0.00039164975, -0.05426811, 0.05428484, 0.021754943, 0.019557243, 0.034088776, 0.019381052, 0.04636057, -0.015818479, 0.020950468, 0.008945239, 0.023553964, 0.021200329, -0.0547936, -0.017443083, 0.014697004, 0.0633356, -0.035655573, 0.034008868, -0.0075056823, 0.0068929624, 0.0014722171, 0.010960178, -0.025984533, -0.017825527, 0.009253852, 0.037092384, -0.0039778277, -0.00879721, -0.002603836, 0.0123817045, -0.018069195, -0.033005964, -0.07839311, 0.022993362, 0.016840547, -0.0028290737, 0.018940449, -0.012574711, 0.03500169, 0.02687218, -0.008446947, -0.0053366334, 0.087874345, -0.01432056, -0.0011708745, -0.03450329, 0.03576867, 0.030247934, -0.04234602, 0.0033051192, 0.03594075, 0.03969888, 0.0138373915, 0.06838409, 0.01383386, -0.025319096, -0.0072180433, -0.017881412, 0.01706239, 0.040215123, 0.0325307, 0.03316293, 0.026349384, 0.0088678, -0.03960724, -0.031026699, -0.016389826, -0.05499857, -0.012850508, 0.016999492, -0.024784993, 0.038184293, 0.028920416, 0.0044963784, 0.060666367, 0.0118507445, -0.01099027, -0.005720546, -0.0111779235, -0.04237702, 0.04465301, -0.039879594, -0.034396965, -0.021909585, -0.018354494, -0.0018784094, 0.039377864, 0.035331585, 0.009317313, -0.031086003, 0.015052409, 0.02136459, 0.027481278, -0.022855267, 0.029962888, 0.0025950987, 0.017392345, 0.030816268, -0.009314283, 0.00516799, -0.03357728, 0.039991047, -0.019610576, 0.009511798, 0.029258676, 0.030456409, -0.0144699495, 0.0073672864, 0.0033030012, 0.025030745, 0.012182424, -0.022003114, -0.020339733, -0.06413728, -0.027035177, -0.04004236, 0.027051222, -0.02688307, 0.05478587, -0.010789048, 0.07400601, -0.002196976, -0.04604344, -0.020003451, -0.036257528, 0.016273683, 0.018319286, -0.054353684, -0.0064137895, 0.02558441, -0.04092129, -0.059663486, 0.055603914, 0.048475057, -0.07149631, -0.029832207, 0.040040024, 0.009857612, -0.015217408, 0.048480365, 0.0077045904, 0.052625183, -0.023570381, 0.025282132, -0.06486151, -0.062004182, 0.008580734, -0.014114695, -0.02387816, 0.040769044, 0.006311936, 0.013674128, 0.006445202, -0.013000215, -0.03604444, -0.0015546421, -0.021743832, 0.021109665, 0.07132492, 0.0036569906, -0.042600095, 0.049982447, -0.06308211, -0.030282494, 0.022701738, -0.0031265656, 0.037043903, 0.03666108, -0.014527728, 0.041302126, -0.008123295, 0.0382717, -0.025994759, -0.025762085, 0.026834164, 0.0127916075, 0.0055611124, -0.063503996, -0.013288945, -0.0029298475, 0.025255319, 0.048319288, -0.024997123, 0.030629134, 0.035695422, 0.01357638, -0.018483188, 0.015784198, -0.037683196, -0.0027289283, -0.020177195, -0.008492319, -0.045160107, -0.020486102, -0.028062161, 0.07953705, -0.05671475, 0.067976475, 0.0120561365, 0.02925244, 0.05452798, -0.04980227, -0.032546133, -0.003476368, -0.009450542, 0.003990308, 0.044055376, 0.032051187, -0.053266216, 0.060676735, -0.047715936, -0.05055714, 0.05924221, -0.017917547, -0.017789068, -0.0018355364, 0.005528685, 0.02631379, -0.00076785334, 0.01796484, -0.020946689, 0.03464902, 0.036677297, -0.02205811, -0.017119206, 0.066795774, 0.03365143, 0.0414209, 0.03093516, 0.01239717, 0.02064617, 0.044112694, 0.045832064, -0.027146792, -0.03174016, -0.0018296236, -0.039402306, 0.023186876, 0.02226491, 0.034971904, -0.0495611, -0.013966414, -0.027314002, -0.06750512, -0.047250606, -0.026127107, 0.015851902, -0.00047679097, -0.041638475, -0.027588163, 0.032182515, 0.0074565397, 0.024541963, 0.0024602006, 0.011678036, 0.011535328, -0.010915613, -0.020625276, -0.0045562033, -0.016616648, 0.082308576, 0.0254258, 0.031223617, -0.027147567, 0.015367417, 0.006955825, -0.039073598, 0.025716485, -0.002504539, 0.021651872, 0.04058003, -0.01481476, 0.007623416, 0.02066827, -0.07113053, -0.010929071, -0.02603121, -0.03883777, -0.015829585, 0.0031568336, 0.0028659853, 0.024097268, 0.003301198, -0.015723718, -0.01881009, 0.032727946, -0.0017818627, 0.03159711, -0.035845354, 0.050638217, -0.05364604, 0.02705839, 0.051156152, -0.023808619, 0.0001812087, 0.01349119, 0.032180335, -0.06357864, 0.012618297, 0.025547069, 0.021602387, 0.007571434, -0.013267007, -0.027286956, -0.03201658, 0.01163557, -0.089588374, 0.02456266, -0.03509785, -0.03357789, 0.066773795, -0.00021124695, -0.0052733854, 0.042964302, -0.055772293, 0.019202309, -0.064159915, 0.06006839, 0.018112294, -0.025509093, 0.03727338, 0.031239009, -0.047759186, -0.0032117155, -0.04343164, -0.023443408, -0.003220226, 0.030022949, -0.044192676, 0.040417377, -0.051740706, -0.0050879135, 0.014083632, -0.0032814364, 0.022638064, 0.003115262, -0.014024932, 0.024153821, -0.010110785, 0.050557002, 0.058412217, 0.030052705, -0.019314539, -0.03338094, 0.037984684, -4.2024744e-06, -0.0009200008, -0.01883165, -0.015963722, 0.022418033, -0.050004445, 0.020268071, -0.015216482, -0.037457798, -0.06596047, 0.023144757, -0.04506427, -0.040216636, -0.056942046, -0.014529155, -0.020792702, 0.011525253, 0.013202335, 0.08568749, -0.0018891689, 0.028973447, -0.044570647, 0.03794596, -0.0006991024, -0.01614513, 0.025733812, -0.014810678, -0.023787905, -0.04671198, -0.02242628, 0.01424916, 0.025264092, -0.005430561, 0.035433803, -0.036432657, -0.021419886, 0.030216487, -0.012313674, 0.017721362, -0.010624198, -0.05927575, 0.014028513, -0.010176257, -0.07071722, -0.014021076, -0.024665121, -0.038745724, 0.021158496, -0.012194998, -0.047952607, 0.024351655, -0.007852287, 0.037587244, -0.018035108, -0.039358445, -0.044411413, -0.029437212, 0.0037960932, -0.04765081, -0.07532586, 0.005204169, -0.005351723, -0.021452406, 0.045825865, -0.009404122, 0.005489845, 0.0428061, 0.03665609, 0.020713244, 0.068216994, 0.011079869, 0.0325776, 0.055437285, -0.0066259545, 0.024150297, -0.064877786, -0.0050051454, -0.05715211, 0.07637678, 0.02157042, 0.044191234, 0.023726493, -0.039867777, 0.0053829784, -0.019635377, 0.03642638, -0.02335766, -0.04833394, -0.03706757, -0.055913307, -0.05459944, 0.016635748, -0.022964612, -0.0064867437, -0.011181971, 0.020197565, 0.013674475, -0.050494876, 0.0035498063, 0.06058315, 0.051224425, -0.06128023, 0.042774945, 0.03904467, 0.015004312, -0.042262048, 0.05241297, 0.056198142, 0.026468381, -0.017767916, -0.018259123, -0.028375873, 0.036946114, -0.01185235, -0.028599933, -0.030567436, 0.010884274, 0.016705045, -0.030049644, 0.016496176, 0.060770642, 0.03726158, -0.017263127, -0.00082960847, -0.074829094, -0.028367253, 0.04571541, 0.023749702, -0.016912747, 0.010695507, -0.024810873, 0.034003615, 0.056162357, 0.016206974, -0.016691558, -0.0042587644, -0.0044507897, 0.021304116, 0.033133697, 0.007395563, 0.017704766, -0.017386656, 0.06889338, -0.01099785, 0.019181179, -0.06424667, -0.019800033, -0.025619661, 0.00413021, -0.030641451, -0.04237227, 0.025399422, 0.02275394, -0.045604527, -0.04757974, 0.057120614, -0.053704653, 0.022660073, 0.042452306, -0.0032573477, -0.003334582, -0.028034817, 0.019052923, 0.038981866, -0.0688238, 0.008230882, -0.034668237, -0.016486894, -0.040248763, 0.073800504, 0.018480241, -0.005902166, -0.045497943, -0.030762488, -0.0028703306, -0.03621989, 0.045947555, 0.006000835, -0.05103623, -0.096720226, -0.07081703, -0.04147191, -0.01304752, -0.059190966, -0.016450647, -0.05367571, 0.018370353, 0.002940713, -0.06550164, 0.058068454, -0.023414476, -0.016265573, -0.0023969605, -0.045212533, -0.015830101, -0.031239422, -0.035429586, 0.007951909, 0.020048315, 0.05457153, 0.002023043, -0.062001318, -0.02323398, 0.03605154, 0.05117588, -0.031063993, -0.011568722, 0.005370796, -0.03398968, 0.01716457, 0.05510979, 0.04726607, -0.012392534, 0.020151747, 0.06342494, -0.00036332803, -0.00696507, -0.006254713, 0.0065358668, -0.024316657, 0.044537626, -0.0570932, -0.06451007, -0.059180073]"
sop-reimbursement-biaya-operasional.pdf-2,"rifikasi dan approval awal (maksimal 2 hari kerja).

Bagian Finance melakukan verifikasi kesesuaian dengan kebijakan (maksimal 3 hari kerja).

Pembayaran reimbursement ditransfer ke rekening karyawan dalam 5 hari kerja setelah approval
final.
5. Catatan Penting
Pengeluaran tanpa bukti kuitansi asli tidak dapat diproses. Reimbursement untuk pengeluaran pribadi di
luar kegiatan dinas akan ditolak dan dapat dikenakan sanksi sesuai kode etik perusahaan.
",sop-reimbursement-biaya-operasional.pdf,"[0.072108686, 0.02733166, -0.14987968, -0.020344514, 0.0015690931, -0.026586764, 0.03266403, 0.006327196, -0.01778227, 0.044693504, -0.004725814, -0.003582632, 0.05092847, -0.0149303, 0.013074968, -0.015544442, 0.015923155, -0.021913653, -0.071763314, 0.028356139, -0.06264239, 0.013515275, -0.10933769, -0.008676337, 0.035320323, -0.015731908, 0.020657996, 0.005399532, -0.016927404, -0.06029922, -0.0011589485, -0.03122358, -0.0116858315, -0.023993544, -0.014627737, -0.041294415, 0.0701866, 0.042811904, -0.01707711, -0.07191489, -0.019521508, 0.057163067, 0.011429945, 0.052324355, 0.042529974, 0.03419794, 0.052403845, 0.039380256, 0.092618994, 0.0014320726, -0.015508607, 0.009676715, -0.020507393, 0.0015823126, -0.032522056, 0.06751577, -0.07412826, -0.010088414, -0.013623167, -0.051669035, 0.04129527, 0.0637249, -0.047406673, 0.07335338, 0.04424937, -0.033173215, -0.045967124, 0.024334604, 0.0063176667, -0.017141918, 0.041969355, -0.05905396, -0.0037987877, 0.009753223, 0.021964002, -0.009253132, -0.047508597, -0.03374318, -0.04769079, 0.02401577, 0.029141847, -0.020009706, 0.08500543, 0.030895753, 0.037009552, -0.0004866101, -0.013566156, -0.0030710672, -0.037964918, 0.015509049, 0.016878631, -0.021959983, 0.020544922, 0.026113681, -0.066752255, -0.019866314, -0.019778483, 0.024590634, -0.027402539, -0.02735693, -0.023544403, -0.0111044105, 0.0912968, 0.031961627, 0.07768971, 0.033095002, -0.0026863313, 0.03801845, 0.008630897, -0.026254337, -0.051855337, -0.010712758, -0.019984722, -0.061845515, 0.04406359, -0.0126365, 0.023043845, -0.023207359, -0.0010792223, 0.06914663, 0.013187612, -0.04440006, 0.020977667, 0.035343595, 0.033858944, 0.004714933, -0.025523778, -0.013046358, 0.03204269, -0.046700556, 0.050458215, -0.01309464, 0.012892024, -0.0073560206, 0.032019235, 0.021486405, 0.02631814, 0.028114103, -0.03426364, -0.00920763, 0.080776826, 0.012153439, 0.034335658, -0.024313102, -0.03072304, -0.047073282, 0.08729066, 0.014073679, -0.015469335, 0.019432455, 0.0042458493, -0.014084146, -0.05916929, 0.053744122, 0.010216625, -0.026410341, -0.0264281, -0.0128488345, 0.061009485, -0.006296252, 0.017704649, 0.047125578, -0.038373996, 0.07672013, 0.0013688016, 0.045612324, -0.00274837, 0.04352491, 0.03788213, 0.00703014, -0.03562172, -0.018003166, -0.03040214, -0.040233016, 0.0878504, -0.043020967, 0.022469686, -0.011248129, -0.016315611, -0.02036473, -0.0019194958, -0.034635063, 0.044742025, 0.061868556, -0.031059777, 0.0039625424, 0.058617108, -0.018949639, -0.007885218, -0.05023477, 0.026288545, 0.072692364, -0.028470479, -0.04116703, -0.042709146, -0.0320115, 0.05111202, 0.086511, -0.024457488, -0.04536642, 0.014998255, 0.007742224, -0.0068675647, 0.01120718, 0.009066109, 0.046750188, -0.05539864, 0.0149791585, -0.020217123, 0.0054005096, 0.035282437, -0.055160172, 0.010935678, 0.001299577, 0.07007262, -0.013017593, 0.028478991, -0.02015263, -0.029249573, 0.001436963, 0.009772843, -0.012720425, -0.006091882, 0.0015626678, 0.004895456, -0.022517577, 0.0036723232, -0.026010916, -0.0006321658, -0.034197725, -0.021193486, -0.10400733, 0.012022471, 0.01328474, 0.006721333, -0.00023269876, 0.008074354, 0.021047743, 0.026872313, -0.002377102, -0.011738547, 0.09635255, 0.0037628259, 0.006623235, -0.001925063, 0.03475304, 0.041211724, -0.045214213, -0.0015671769, 0.041881792, 0.05525663, 0.008836412, 0.065524325, 0.023160968, 0.000114470844, -0.027315876, -0.02246842, -0.00096711126, 0.063321136, 0.012195802, -0.0058013643, 0.01671453, 0.029648302, -0.03257399, -0.03927012, -0.012915319, -0.008717297, -0.0037234104, 0.014434869, -0.043260355, 0.035373487, 0.019855421, 0.01892888, 0.041271705, 0.014484587, 0.016065126, -0.0003601948, -0.02300121, -0.057172775, 0.04181778, -0.028380325, -0.011109858, -0.027397923, -5.361638e-05, 0.015311261, 0.026817383, 0.02367546, -0.0005578918, -0.029896565, 0.01432815, 0.007764418, -0.0102553405, -0.03873335, 0.0035259495, 0.011196312, 0.031533837, 0.03333292, -0.0016005959, 0.016847, -0.014842901, 0.028053923, -0.011019879, 0.0017962077, 0.009355286, 0.01400419, -0.025757743, 0.013139066, 0.017409896, 0.037606932, 0.0033431356, -0.02735429, -0.0011028124, -0.0769171, 0.0017068979, -0.055820707, 0.022344839, -0.026389282, 0.019346781, 0.06088776, 0.048646647, 0.01324796, -0.038081534, -0.0049529593, 0.0013534471, 0.0069556427, 0.023321696, -0.04080683, 0.019282414, -0.00350694, -0.06571297, -0.025587859, 0.07438957, 0.031669285, -0.073427334, -0.028087053, 0.053227607, 0.00012542869, -0.0019033757, 0.042315792, 0.020169897, 0.056440815, -0.041900847, 0.050973576, -0.053415984, -0.046926305, 0.02117264, 0.009831249, 0.0051113535, 0.058918603, 0.03228599, -0.0008147786, 0.025097705, -0.020819047, -0.03822904, 0.009544512, -0.0032807519, 0.009187222, 0.070918955, 0.036163505, -0.059400097, 0.043080486, -0.01928219, -0.013109763, 0.018783603, 0.004559774, 0.035973795, 0.04232201, -0.023557553, 0.024242943, -0.012851086, 0.0037372105, -0.017355045, -0.05933357, 0.051042937, -0.0056217173, -0.0051042647, -0.06137132, -0.014848088, -0.01827139, 0.04039123, 0.021700026, 0.008832016, 0.030300206, 0.04006587, 0.0031506787, -0.009552374, 0.011758631, -0.052971143, -0.0014596261, -0.011409494, 0.018899467, -0.026538925, -0.019929202, -0.019354068, 0.056738995, -0.050446425, 0.046943933, 0.0022292724, -0.008670097, 0.049903557, -0.0658456, -0.06038167, -0.025079075, -0.0041349665, -0.0015174106, 0.05741014, 0.020951172, -0.052401744, 0.04024415, -0.033508055, -0.057609536, 0.03610078, -0.0037780786, -0.013826578, 0.02255736, -0.0006957071, 0.029469928, -0.022194196, -0.009022862, -0.015866743, 0.033769444, 0.038844716, -0.0052713295, -0.02499168, 0.07032351, 0.044919163, 0.037864454, 0.021635039, 0.015082144, -0.02413059, 0.050151624, 0.04531462, -0.0009121074, -0.04552155, -0.03125399, -0.013147809, -0.0031030101, 0.03046841, 0.025006037, -0.028352808, 0.020037252, 0.0057201497, -0.07831337, -0.031043848, 0.020322649, 0.024362538, -0.006035507, -0.04074859, -0.016965391, 0.043685753, 0.025612168, 0.041381042, 0.005039817, 0.030611793, 0.007450916, -0.0114105735, -0.03851842, -0.02469165, -0.008330167, 0.06795739, 0.007603223, 0.033859883, -0.016145488, 0.019683046, 0.0045433617, -0.034835808, 0.023348104, -0.015499959, 0.025645819, 0.09506324, -0.034062628, 0.00022781648, 0.029467855, -0.024195278, 0.0044270097, -0.048391122, -0.013044972, -0.011886832, 0.026525136, 0.0055043306, 0.005857765, 0.0030709824, -0.013809195, -0.018587757, 0.038795922, 0.012157395, 0.06549786, -0.030357229, 0.06828577, -0.03159068, 0.025463581, 0.037644047, 0.015601651, 0.027411368, 0.036932256, 0.039204903, -0.06782586, -0.008519491, 0.027211504, 0.03442608, 0.036603313, -0.025506668, -0.017273247, -0.02110949, 0.03581186, -0.08621924, 0.026852066, -0.06363415, -0.028504573, 0.023110297, -0.040808443, -0.0011430404, 0.08175325, -0.012282647, 0.036014337, -0.059376225, 0.029351609, 0.037956495, -0.021059237, 0.04019296, 0.03505192, -0.019362831, -0.026202075, -0.061748277, -6.342122e-06, -1.3578917e-05, 0.06754144, -0.039263703, 0.025782887, -0.016572073, 0.022057893, 0.04451749, -0.00919669, 0.031794593, -0.009603902, -0.034929905, 0.017374305, -0.02394827, 0.055416126, 0.078404054, 0.0033499799, 0.034473766, -0.025882695, 0.022326473, 0.028283404, -0.005154444, -0.035694398, 0.010549275, 0.00219024, -0.056173865, 0.031780433, -0.024777751, -0.017161554, -0.04477987, 0.046502475, -0.042740036, -0.0017931401, -0.06449249, 0.02559088, -0.024138132, 0.017134719, -0.009992589, 0.053943124, -0.01008267, -0.004391371, -0.0333639, 0.0073157703, -0.024422197, -0.0487332, 0.015941951, -0.010158243, -0.004442137, -0.039537594, 0.00035444956, 0.010049362, 0.015753891, 0.011174251, -0.01760078, -0.0471447, -0.05055919, 0.048718598, -0.0012233338, 0.015004992, 0.027148183, -0.035896633, 0.0049448377, -0.00735124, -0.04862159, 0.0036897052, -0.024357526, -0.03172266, 0.017770901, -0.0065954207, -0.039297916, 0.00092227035, 0.0017828831, 0.029844241, 0.004686225, -0.035574198, 0.016387204, -0.028848441, -0.033994295, -0.021268658, -0.0732024, -0.0034395303, -0.037896745, -0.032112982, 0.051929463, 0.0069934707, -0.023110995, 0.0430841, 0.024979517, 0.0013371684, 0.0058244993, 0.006585597, 0.0013773845, 0.030476848, -0.014432267, -0.0025302072, -0.062543996, -0.016044214, -0.071114264, 0.04406569, 0.023011386, 0.05177544, 0.018513257, -0.04875724, 0.000105494495, -0.031832866, 0.051070932, -0.05935661, -0.050638545, -0.031451225, -0.02575453, -0.026670238, 0.016439201, -0.0133796865, -0.009418655, 0.019511249, 0.022416368, 0.037552215, -0.015749076, 0.021089101, 0.042915963, 0.03307965, -0.059533354, 0.04712605, 0.020534774, 0.016300468, -0.056832526, 0.0658292, 0.031960346, 0.038811207, -0.012211875, -0.023729859, -0.022341006, 0.053443816, -0.03109963, -0.03970766, -0.031621188, 0.049435414, 0.0171711, -0.027386285, 0.027147533, 0.037594818, -0.017014679, -0.021485161, 0.0059774113, -0.08049655, 0.004435556, 0.04972589, 0.02182981, 0.007729588, 0.049239065, -0.023976875, 0.03972719, 0.041784205, 0.020767525, -0.0070175678, -0.010193631, -0.04408692, 0.03332991, 0.03625657, -0.012612294, -0.011982813, -0.02068216, 0.074989185, -0.0029982375, 0.032879215, -0.044951394, -0.05860022, -0.014065109, -0.013818428, -0.036337037, -0.013043307, 0.032525472, 0.016143903, -0.05582266, -0.052376814, 0.024114775, -0.05783695, 0.0022987295, 0.036015388, -0.004111245, -0.039608844, -0.02814665, 0.0005782218, 0.018138703, -0.040882517, 0.022756495, -0.007743865, -0.04112467, -0.018133167, 0.06074094, 0.0021118312, -0.0015328855, -0.068014815, -0.021912025, 0.007259006, -0.06350245, 0.040577084, -0.019564083, -0.04576407, -0.07481343, -0.04102114, -0.049272746, -0.03914356, -0.04568434, -0.03425544, -0.04710231, 0.0054921648, 0.020202799, -0.074793704, 0.048149385, -0.03947585, 0.005329455, -0.039388884, -0.08113673, -0.038099084, -0.009822289, -0.036875654, 0.0146693075, -0.011846016, 0.036696136, -0.0045559313, -0.06489669, -0.01808829, 0.017204737, 0.05356543, -0.032044265, -0.008222286, -0.0035739965, -0.06760901, 0.003555513, 0.066626325, 0.057062905, -0.025724616, 0.009903448, 0.083432406, 0.059211813, -0.017963106, -0.011134888, 0.007245871, -0.073009156, 0.0119816, -0.085797675, -0.04256994, -0.04204358]"
sop-reimbursement-kesehatan-karyawan.pdf-0,"SOP Reimbursement Kesehatan Karyawan - PT Nusantara
 Finance
1. Tujuan dan Ruang Lingkup
Prosedur ini mengatur penggantian biaya kesehatan bagi karyawan tetap PT Nusantara Finance dan
tanggungan yang terdaftar (pasangan dan maksimal 2 anak).
2. Plafon Klaim

Plafon reimbursement kesehatan maksimal Rp 5.000.000 per karyawan per tahun.

Rawat jalan diganti 80% dari total biaya, maksimal Rp 300.000 per kunjungan.

Rawat inap diganti 90% dari total biaya sesuai kelas kamar yang ditentukan berdasa",sop-reimbursement-kesehatan-karyawan.pdf,"[0.03420334, 0.072191656, -0.1714726, -0.0093889935, 0.037588272, -0.03721729, -0.0029468243, -0.030104827, 0.031069892, 0.030081205, -0.0040022773, -0.022836722, 0.014867521, -0.027018394, 0.00520149, 0.003160092, 0.015888093, -0.013424962, -0.027626555, 0.005595972, -0.070404276, 0.019267706, -0.053017046, -0.029699763, 0.046599586, 0.0014920835, -0.020244325, 0.00081214483, -0.011713771, -0.067135856, 0.03622106, -0.026735676, -0.041868947, -0.0014995213, -0.018079735, -0.0437361, 0.11212476, 0.044994168, -0.0062466343, -0.05396475, 0.030007169, -0.0403776, 0.03302076, 0.006876093, 0.03919961, -0.0067172153, 0.053523757, 0.059779827, 0.03313597, 0.005750295, -0.014814411, -0.008644698, -0.018444855, 0.0063111703, -0.045934066, 0.020724775, -0.05612856, -0.009461714, -0.028756026, -0.0161589, 0.061461877, 0.09069476, -0.027892448, 0.047374338, 0.024976304, -0.03433707, -0.014011672, 0.043677054, 0.014508595, 0.00758484, -0.0019881635, 0.0044665355, -0.0306165, -0.027038751, 0.02934079, -0.020259144, -0.052257493, 0.0019918852, -0.037919946, 0.046978153, 0.03710319, -0.042564016, 0.08333101, 0.045556154, 0.058577295, -0.010044695, -0.021584837, -0.0036829154, -0.0650425, 0.081966475, -0.022493172, 0.004958563, 0.026275177, 0.046286955, -0.061056774, -0.01777015, -0.009257322, 0.0010078013, -0.02806191, -0.01808265, -0.02100977, 0.017125636, 0.090759076, 0.03694435, 0.045337193, 0.025556967, -0.0091006225, 0.048562285, -0.012996939, -0.007713419, -0.0224389, -0.007698748, -0.0010524266, -0.057136755, -0.006236626, 0.0077144126, 0.008441464, -0.029614741, 0.04218166, 0.09947379, -0.035253033, -0.0460061, 0.009166777, 0.06115482, 0.04102437, 0.0020307768, -0.07323993, 0.034822114, 0.049021147, -0.021925822, 0.043797, -0.025966669, -0.040499087, -0.01670403, 0.024051988, 0.016449532, -0.0045128874, 0.045959953, -0.033999704, -0.017702479, 0.076629624, -0.017589394, 0.03710412, 0.0045706923, -0.047576923, -0.033593323, 0.07605672, -0.019703772, -0.04226446, 0.01859518, 0.01648243, -0.010178946, -0.050197426, 0.047236115, 0.011897436, -0.039793286, -0.014349355, -0.026111396, 0.034089882, 0.04466154, 0.01171075, 0.002791827, -0.005424671, 0.06594401, -0.014896344, 0.017835855, -0.009718294, 0.0417141, 0.004829125, 0.0075990427, -0.03484432, -0.039911386, 0.0026237587, -0.050247703, 0.06556863, -0.0009749544, 0.008925367, -0.0052538803, -0.004324651, 0.004765418, -0.008417648, -0.02436324, 0.052685454, 0.0855159, -0.047543656, -0.037304033, 0.0071951956, -0.020234732, -0.029661683, -0.01902455, -0.0050073373, 0.07753197, -0.060583193, 0.00661075, -0.048262108, -0.00013784372, 0.06043277, 0.053880077, 0.0015442213, -0.052249983, 0.023062099, 0.005271881, -0.0114260735, -0.024059335, 0.015063883, 0.061153106, -0.042606782, 0.036823973, -0.0041606314, 4.3622047e-05, 0.033963114, -0.037290808, -0.0116023775, 0.0144549, 0.020468486, -0.019264791, 0.0046559675, -0.035684817, -0.021246975, 0.010049594, 0.02299155, -0.037573893, 0.014571501, -0.016951121, 0.0035336611, -0.0046895607, -0.034239862, -0.012395721, 0.0043380717, 0.0076976013, -0.042230178, -0.112385325, -0.010652528, 0.03237405, 0.02487323, -0.010590556, -0.011202999, 0.034526993, 0.0039812583, -0.02169443, 0.0107182395, 0.05998746, -0.0026982967, 0.022318644, -0.008481271, 0.028860895, 0.007843648, -0.05521221, -0.0030114392, 0.056292888, 0.06537249, -0.027962554, 0.03992631, 0.0072606215, -0.0018130242, -0.008715828, -0.017406644, 0.015989669, 0.05642495, 0.024458366, 0.013547257, 0.0013309269, 0.009931542, -0.03129881, -0.039052468, -0.0032864967, -0.04544233, 0.0037368215, 0.027212951, -0.0014155282, 0.03572262, 0.022261439, 0.038342647, 0.034820262, -0.010227238, 0.014228722, 0.00866609, -0.043470062, -0.06680929, 0.060916528, -0.00015303043, -0.03287243, -0.016492164, 0.035125647, -0.019761063, -0.006055519, 0.033633444, 0.0072145993, -0.006057869, 0.045530826, 0.045207784, -0.012424762, -0.008400373, 0.03115403, 0.026703632, 0.00047011892, 0.034705073, -0.034050666, 0.0048516407, -0.0067124004, 0.029807376, 0.020636557, 0.039384443, 0.06339852, 0.0007543965, -0.012917761, 0.02205499, 0.02388359, 0.046232652, -0.0046809814, -0.00063972437, 0.035834607, -0.0026114823, -0.0188992, -0.024919203, -0.0070817564, 0.0055221566, 0.016745461, 0.053305387, 0.06735366, 0.0090031745, -0.023414554, -0.019578166, -0.030805575, -0.011495408, 0.046482764, -0.04411458, 0.0054466324, 0.0319507, -0.07634839, -0.027873723, 0.07950628, 0.015221315, -0.05816664, -0.036239333, 0.07142088, 0.010655825, 0.02925925, 0.032605022, 0.020313762, 0.08056328, -0.027618611, 0.024725359, -0.07332154, -0.050215516, 0.017291978, -0.0013113375, -0.018153585, 0.02256721, 0.015625145, -0.012620308, -0.025993466, -0.0027051247, 0.01376898, -0.022332301, 0.00024099367, 0.015218376, 0.049075585, -0.015172317, -0.018199757, 0.025715178, -0.045276567, -0.01482369, 0.021612275, -0.061384954, -0.0038649137, 0.041445304, -0.027777027, 0.014047215, 0.011874058, -0.0066668387, -0.01581256, -0.04011256, 0.008094492, -0.030594671, -0.0047395797, -0.014968403, -0.0327412, 0.016170667, 0.061218526, 0.02726961, -0.011081863, 0.04752254, 0.08127288, 0.036347162, -0.031190233, 0.016525848, -0.08778572, 0.023453413, -0.009735853, 0.004036992, -0.05721762, -0.052011218, -0.024245549, 0.07158435, -0.05131409, 0.06572496, -0.009013359, 0.029704856, 0.03755242, -0.06970183, -0.047784068, -0.015071299, -0.04988587, -0.0075285034, 0.022769589, -0.0022648675, -0.035094686, 0.021830859, -0.004648766, -0.048286755, 0.06140425, 0.04283532, -0.019981282, 0.02197797, -0.005113357, 0.010679155, 0.00999197, 0.016767941, 0.0065601347, 0.027667886, 0.039237715, 0.023436954, -0.030735126, 0.03868718, 0.02502538, 0.01755107, 0.022066101, 0.043032642, -0.018553482, 0.019593159, 0.061134815, 0.007659741, -0.0020776342, -0.03905379, -0.023943169, -0.0031240506, 0.015275625, 0.010123973, -0.025569312, 0.019187657, -0.0027283998, -0.049746715, -0.026857188, 0.049540058, 0.018501313, 0.021014694, -0.071517326, -0.02009807, 0.020182736, 0.022896618, 0.041184682, 0.013224531, 0.005405461, -0.0072235293, -0.0388584, -0.02415347, -0.01979877, 0.005422941, 0.06635458, -0.021794293, 0.012117235, -0.032527607, -0.016679462, 0.008076233, -0.020213477, -0.018658094, 0.0036787977, 0.020376004, 0.06470496, -0.060114477, -0.019411847, 0.02450896, -0.033571538, -0.009741771, -0.05896401, -0.009843385, -0.032129403, 0.025087615, 0.019634273, 0.04436963, -0.01822121, -0.035446856, -0.02090628, 0.018505739, 0.024374893, 0.054903343, -0.052198544, 0.04437101, -0.040581774, -0.0040002093, 0.013594531, -0.004802758, 0.020052329, -0.011674565, 0.034243237, -0.00034899384, 0.0031700206, 0.062271316, 0.036548637, 0.03382066, 0.05106133, -0.030365271, -0.02509367, 0.052182958, -0.06689582, 0.026832236, -0.0385788, -0.05262772, -0.0045280973, -0.0037571867, 0.02096593, 0.009698104, -0.038213257, 0.026036603, -0.038192403, 0.05706387, 0.013116914, -0.052100956, 0.04564131, 0.040158503, -0.05009383, -0.01106479, -0.047976915, 0.01380564, -0.005142952, 0.0021305624, 0.012034339, 0.035254408, -0.01452889, 0.027687984, 0.009591351, -0.027022028, -0.017590705, -0.015447704, -0.016315864, 0.041484386, -0.009978156, 0.04136724, 0.02586401, 0.02755182, 0.015928004, -0.0046802005, 0.03832058, -0.016645951, -0.02249719, -0.022928093, -0.04017428, 0.046216995, -0.07593734, 0.054322846, -0.051450286, -0.005132356, -0.05666636, 0.0446095, -0.030763965, -0.0038576447, -0.042920325, -0.026085235, -0.026820002, 0.00241956, -0.026345417, 0.061057433, 0.008285167, 0.025855841, -0.0007598848, -0.0020370139, -0.06108421, -0.0128257545, -0.016715948, -0.01169033, -0.0059504854, -0.022938963, 0.0017365543, 0.008796879, 0.027821675, 0.0016374206, -0.0006648995, -0.051537916, -0.033895213, 0.01934616, 0.03536118, 0.036254246, 0.028391711, -0.044581793, 0.018825108, -0.0098260725, -0.111201316, 0.011842988, -0.007875087, -0.036909528, 0.021378348, -0.005086722, -0.0709113, 0.025573445, -0.015122988, 0.06790707, -0.012933181, -0.036943484, -0.03181553, -0.033867385, -0.043862246, 0.023640418, -0.09133013, 5.3026084e-05, 0.00904913, -0.04202919, 0.0343508, -0.00021633894, 0.037712775, 0.030090062, 0.02293443, -0.018789, -0.006163198, 0.010215222, -0.006834073, 0.028086465, 0.030444644, -0.013186904, -0.068381466, 0.027806688, -0.034091838, 0.0669632, -0.009216791, 0.06631265, 0.035856627, -0.025986223, 0.023941735, -0.020106511, 0.020859001, -0.022786116, -0.009939107, -0.02351483, -0.04912458, -0.02134171, 0.053276766, -0.024975311, 0.031193472, 0.010742097, 0.04160578, 0.0071557485, -0.012500116, 0.017406277, 0.020634247, 0.032708533, -0.052510366, 0.015498577, 0.018031163, 0.01802563, 0.001788578, 0.08669527, 0.03630377, 0.034860954, -0.035788774, -0.024171788, -0.045123916, 0.025667667, -0.035323188, -0.03392757, -0.015677579, 0.034272764, 0.027368786, -0.057615202, 0.0008018986, 0.017900271, 0.015150867, -0.02659305, -0.003830611, -0.11627832, -0.024062151, 0.021868942, 0.03621883, -0.05168658, 0.037861668, -0.00962507, 0.03195916, 0.06406265, 0.020887876, -0.029138625, -0.0050683445, 0.024105394, 0.019403717, 0.03382264, -0.032680463, 0.01669499, -0.021059277, 0.0889021, -0.021831328, 0.041956328, -0.068835564, -0.048903786, 0.0071548503, 0.004544841, -0.005544828, -0.03233019, 0.038405657, -0.011953321, -0.041520145, -0.042332828, 0.038593445, -0.0011973286, -0.024229063, 0.021825582, -0.0138687985, -0.028765898, -0.048586305, 0.008049761, 0.009667628, -0.04561857, -0.011534054, 0.031741884, -0.03834057, -0.02299304, 0.07153198, 0.034692362, -0.004646641, -0.07156296, -0.02962065, -0.021436227, -0.0070330645, 0.067564666, -0.017029317, -0.0050006113, -0.10238019, -0.02707778, -0.03485048, -0.018459128, -0.07799043, 0.0073278546, -0.01037061, 0.009811001, 0.0035772906, -0.07513905, -0.003272576, 0.02084086, -0.02789559, -0.024027174, -0.04944551, -0.047761027, -0.025884379, -0.015626157, 0.0020342525, 0.007915752, 0.06167395, -0.05140151, -0.032773327, -0.042869344, 0.03248478, 0.037341837, -0.04609317, 0.010842358, 0.013200289, -0.04026877, 0.029640252, 0.07408963, 0.015723089, -0.029205747, 0.05393791, 0.08255653, 0.027664416, 0.008377769, -0.003578279, -0.0027070814, -0.041942865, 0.01898385, -0.050877064, -0.022721013, -0.07612355]"
sop-reimbursement-kesehatan-karyawan.pdf-1,"l biaya sesuai kelas kamar yang ditentukan berdasarkan grade
jabatan.
3. Batas Waktu Klaim
Klaim wajib diajukan ke bagian HR maksimal 30 hari kalender sejak tanggal kuitansi/invoice medis
diterbitkan. Klaim yang diajukan melewati batas waktu akan otomatis ditolak sistem.
4. Tahapan Proses Klaim

Karyawan submit klaim melalui portal HR dengan melampirkan kuitansi dan resep/diagnosa dokter.

Tim HR Benefits melakukan verifikasi kelengkapan dokumen (maksimal 3 hari kerja).

Approval final oleh M",sop-reimbursement-kesehatan-karyawan.pdf,"[-0.0157313, 0.0012067499, -0.15758781, -0.031746987, 0.006326672, -0.011658687, -0.010797679, 0.0015504231, -0.017154267, 0.019373091, 0.009149016, 0.008810047, 0.06801683, 0.006835678, -0.021736145, -0.011830228, 0.049597096, -0.033663426, -0.06750512, 0.047134046, -0.04439708, 0.01702709, -0.1323141, -0.037395995, 0.06906987, 0.008930464, 0.011557743, -0.008091323, -0.018278295, -0.041608784, -0.0012651403, -0.012746692, 0.007345909, -0.0332235, -0.019626232, -0.033618398, 0.06210817, 0.041174382, -0.035425708, -0.030952018, 0.019060297, 0.006660502, 0.031740755, 0.018451856, 0.019501936, 0.06576064, 0.041490603, 0.051048286, 0.057823643, -0.043401714, 0.0018250956, -0.04104349, 0.0049597863, -0.019118393, 0.010229904, 0.058957517, -0.08714196, -0.010581703, 0.023448367, -0.04977579, 0.06250919, 0.0603249, -0.07409849, 0.07321588, 0.07016616, -0.05445225, -0.054484908, 0.04864612, 0.0064112484, -0.015010333, 0.021222377, -0.039827734, -0.018357595, 0.01030769, -0.026166737, 0.009671556, -0.044511426, -0.059972282, -0.0062422375, 0.051068917, 0.015782995, -0.015680213, 0.10169566, -0.021397293, 0.026759231, -0.024560515, -0.016646734, -0.015374292, -0.026100297, 0.038529947, -0.0005075028, 0.0030359193, 0.030841652, 0.045148496, -0.061817825, 0.042047005, 0.0017327043, 0.034159582, 0.020430794, -0.04339403, -0.008379152, -0.033391282, 0.08035016, 0.01409249, 0.04495656, 0.03885623, 0.016997172, 0.02909714, -0.0066438266, -0.031529944, -0.013986722, -0.002822289, -0.021811975, -0.05104599, 0.021534309, -0.018770207, 0.011600957, 0.0040209643, 0.016619315, 0.05709296, 0.029831503, -0.02966987, -0.028955648, 0.035647202, -0.019002879, 0.04106846, -0.08771351, -0.02495477, 0.0043301634, -0.080368556, -0.0023254056, -0.013844593, -0.019629134, -0.03248784, 0.044542708, 0.034449633, 0.008693663, 0.011348534, -0.005145641, 0.010377744, 0.06702067, 0.02602746, 0.01705726, -0.017089881, -0.041294344, -0.060008343, 0.04432903, -0.016258746, 0.029354535, 0.017606098, 0.0014821531, 0.0007747161, 0.015750794, 0.062286872, 0.009288947, -0.04848466, -0.023473851, 0.029484225, 0.010285243, 0.05188676, 0.030419026, 0.03635907, -0.027699765, 0.08529939, -5.5615634e-05, 0.024933165, 0.0039128107, 0.044787746, 0.016946735, 0.039499238, -0.032019753, -0.02671223, -0.024120158, -0.05383699, 0.028590694, -0.029479422, 0.017829342, -0.051555693, -0.008930372, -0.030151796, -0.0022121128, -0.04124417, 0.042511906, 0.045593455, -0.05166271, -0.009048454, 0.07190751, -0.05019268, 0.013959558, -0.059621062, 0.042262066, 0.06800638, -0.023835897, -0.022621425, -0.043187685, -0.04409601, 0.06154859, 0.060170747, -0.0031125064, -0.044858284, 0.02461917, 0.010034052, -0.013713157, -0.0038404614, -0.021088995, 0.032353677, 0.025735132, 0.057328608, -0.018240135, -0.0070848176, 0.01766943, -0.028316762, -0.000282985, -0.0013022611, 0.073415935, -0.00382719, 0.010226759, -0.003848546, -0.019674895, 0.015043154, 0.032534312, 0.007268588, -0.017061094, -0.03373305, -0.019708944, 0.013325074, -0.025876814, -0.020059276, -0.026902515, -0.011404048, -0.006445126, -0.10489989, -0.009386456, 0.00046566632, 0.018814117, 0.013631961, 0.009894141, -2.495066e-05, 0.024814812, 0.041082337, -0.0029532819, 0.073945224, 0.01890538, -0.02888874, -0.041821353, 0.010889229, 0.022366174, -0.05711338, 0.008069641, 0.033492364, 0.0040537887, 0.027970899, 0.052119933, 0.0036663294, -0.008366351, -0.03439451, -0.040323075, 0.01200436, 0.038818438, 0.017527271, 0.021383641, -0.013256246, 0.048806395, -0.018795365, -0.05450141, -0.04479934, -0.026318192, 0.00034726126, 0.052666403, -0.038896758, 0.032759555, 0.025916155, 0.006522577, 0.07142425, 0.01687299, 0.008954079, -0.004892961, -0.008779386, -0.044166286, 0.026642857, -0.032393273, -0.06101431, -0.007458318, -0.0077966885, 0.021554505, 0.038618226, 0.032028668, -0.0066603734, -0.0009104571, 0.032148175, 0.005954877, -0.02017573, -0.03296242, 0.031885006, 0.010218696, 0.03557161, 0.072642684, -0.014596501, 0.041652087, -0.033280503, 0.039422493, -0.016045604, 0.013165246, -0.009297316, -0.0072219702, -0.02789821, -0.005283318, 0.016501985, 0.048072916, -0.001313879, -0.066416465, -0.047765534, -0.05667868, 0.02718751, -0.0112488195, 0.036032, -0.027560692, 0.052499924, 0.018194143, 0.05004557, 0.02916827, -0.013659771, -0.021305615, -0.061874278, -0.015975783, 0.037658434, -0.03135324, 0.0012102982, 0.017061274, -0.025701744, -0.015270777, 0.07045115, 0.030121963, -0.044354394, -0.01150781, 0.01716509, -0.022227243, -0.004860932, 0.021851169, 0.03333555, 0.056665376, -0.0324366, 0.001179129, -0.04913999, -0.019608557, -0.02226485, -0.031963214, -0.033928435, -0.00022013896, 0.041237704, 0.013218602, 0.037669774, -0.0070181577, -0.0065609673, 0.05853142, -0.027219709, 0.015212347, 0.07009721, 0.0028976959, -0.0050228992, 0.029080847, -0.0048996904, 0.0013051326, 0.01372776, -0.013404497, 0.024080005, 0.035957076, 0.019678025, 0.04914001, -0.014691455, -0.026674375, -0.029751519, -0.0653681, 0.03487784, 0.0062936745, 0.005227324, -0.068320245, -0.019873993, -0.040545654, 0.02207836, 0.0301861, -0.023854991, 0.018811656, 0.012591313, 0.034681365, -0.03154, 0.010902572, -0.016992612, -0.0006979732, 0.0016639357, 0.010429947, -0.05643706, -0.047896862, 0.031948097, 0.032093707, -0.03984027, 0.055922627, 0.0029638049, 0.016870856, 0.037421167, -0.032803927, -0.04525403, 0.007007855, 0.001828047, -0.024943432, 0.06572299, 0.025046311, -0.0637584, 0.05461519, 0.004540572, -0.014732123, 0.036164306, -0.018852673, -0.015100625, 0.011388751, 0.00062321906, 0.017336624, -0.0042324034, -0.023215763, -0.014351532, 0.028177485, 0.02400531, 0.011571046, -0.0028118582, 0.05087027, 0.015714772, 0.057302687, 0.045194976, -0.006385583, 0.00088897947, 0.057472747, 0.026282407, 0.0418864, -0.044479635, 0.007760579, 0.010143717, -0.01812913, 0.03191251, -0.012629666, -0.037032656, 0.0014539774, 0.0070097907, -0.055059664, -0.04005947, -0.030609889, 0.0052071447, -0.0204808, -0.04831451, -0.032169785, 0.0315938, 0.022147961, 0.0078022582, -0.011510168, 0.04029634, 0.037115455, -0.029674953, 0.0054032058, -0.035199378, -0.023190433, 0.06644172, -0.009854021, 0.017558554, -0.03141044, 0.00498398, 0.023508314, -0.036325965, 0.010142281, 0.017365195, 0.05997188, 0.07500087, -0.051201213, 0.019457107, 0.060303047, -0.04342389, -7.658856e-05, -0.004638705, -0.046252757, -0.036860734, 0.017865341, 0.04123075, 0.03721781, -0.02892493, -0.020800902, -0.008084142, 0.021867972, 0.0064152307, 0.045315087, -0.03509148, 0.04978663, 0.0040210737, 0.01017476, 0.06760619, 0.0108976, 0.0020434973, -0.0031427683, 0.03317615, -0.036309928, 0.012501436, 0.023873976, 0.004078833, 0.012843473, -0.015121927, -0.02575008, 0.0005136356, -0.0008256432, -0.10511641, 0.042125765, -0.043073937, 0.0037575916, 0.007897246, -0.009880207, 0.004094815, 0.027044296, 0.012889743, 0.002075693, -0.043764003, 0.021516172, 0.057970103, -0.0068774736, 0.050699737, 0.060314126, -0.029989237, 0.04276117, -0.033531398, -0.038106035, 0.0020797057, 0.043021735, -0.047521222, 0.029840663, -0.031249069, 0.0106476825, 0.038022257, -0.025112582, 0.006126346, 0.008423118, -0.047173165, -0.023798525, 0.045623276, 0.050086923, 0.06392577, 0.02693349, 0.0032776739, -0.01677785, -0.0033170297, 0.038337868, -0.031458024, -0.039241336, -0.0057467096, 0.021144154, -0.05616361, 0.010189737, -0.055674806, 0.0020716803, -0.03682195, 0.0014451413, -0.05768274, 0.038291797, -0.03451833, 0.015762465, -0.029744046, 0.02982774, -0.008287278, 0.047432385, 0.0012276417, 0.013205167, -0.033576086, -0.03199815, -0.030743225, -0.026859418, 0.048849538, -0.030583136, -0.029148078, -0.023083905, 0.013658096, 0.02717446, -0.0009598257, 0.038626146, -0.022996277, -0.042637367, -0.041783888, 0.002619533, -0.014180182, 0.039243784, 0.0035152142, -0.04501685, -0.0050532576, -0.053644758, -0.054153107, -0.0020508273, -0.028660728, -0.04118335, 0.008867978, 0.02253511, -0.013074437, 0.0048479014, 0.0063300217, -0.012924499, 0.020366525, -0.052622464, -0.008142859, -0.02736511, -0.031871546, -0.03419992, -0.034148287, 0.023806676, 0.003482229, -0.027312696, 0.0386017, -0.007930478, -0.031074565, 0.0363656, 0.04677719, 0.01941264, 0.0065465746, 0.042957988, -0.008507035, 0.047262862, -0.026945652, -0.0038954292, -0.050426736, -0.024759611, -0.08108068, 0.07899777, 0.051634174, 0.02422608, 0.015977966, -0.081273995, -0.0046279193, -0.04121925, 0.08109044, -0.04576429, -0.03788482, -0.024659978, -0.03343371, -0.054196678, -0.0092757875, -0.0011870628, 0.011253202, 0.005217575, 0.06407005, 0.065632865, -0.023613019, 0.009376617, 0.052501403, 0.045314547, -0.035829335, 0.060360774, 0.0495744, -0.008329706, -0.04248389, 0.049604896, 0.018885873, 0.05805153, 0.021706672, 0.004678125, -0.023624638, 0.055574745, 0.0037571033, -0.0114040375, -0.041624855, 0.060229737, 0.0052594203, -0.02615615, 0.002887683, 0.031945992, 0.0073297727, -0.052379426, -0.035710867, -0.05965092, -0.007972942, 0.053481955, 0.06201977, 0.017716661, 0.022328934, -0.0029759728, 0.04707443, 0.054818757, -0.016194453, -0.0072891195, 0.019073958, -0.119394265, 0.0199339, 0.040571235, -0.013560088, -0.010639938, -0.025847552, 0.024940714, -0.051077895, 0.050960857, -0.015010382, -0.020981995, -0.02693198, 0.021331724, -0.025519408, -0.007895718, 0.034484785, 0.012713169, -0.04801812, -0.046859648, 0.028827168, -0.05581192, 0.004149455, 0.042585105, 0.056542598, -0.03105024, -0.011403121, -0.030147132, 0.023057368, -0.030060433, -0.0053071594, -0.040338483, -0.026756201, -0.031530455, 0.0810686, -0.0073109055, 0.03945909, -0.043706384, -0.008353969, -0.01742093, -0.032699328, 0.06738458, -0.008085068, -0.04280447, -0.08679593, -0.0736382, -0.04036487, -0.017785536, -0.040908262, -0.00494231, -0.055479024, 0.02310664, 0.006796878, -0.05676847, 0.06351982, 0.00011509943, 0.01654971, -0.02480353, -0.02610585, -0.05171684, -0.014686675, -0.004361421, 0.012373814, 0.01366734, 0.04752729, 0.019143075, -0.06602141, -0.04895497, 0.03911109, 0.06635689, -0.024255866, 0.0037147815, -0.030177215, -0.048689466, 0.016124595, 0.028659077, 0.04249063, -0.0050263326, 0.027823603, 0.061734412, 0.017577428, -0.0012513495, -0.04124322, 0.01020271, -0.054741018, -0.00808605, -0.050779596, -0.05066065, -0.04628394]"
sop-reimbursement-kesehatan-karyawan.pdf-2,"n (maksimal 3 hari kerja).

Approval final oleh Manager HR (maksimal 5 hari kerja).

Pencairan dana reimbursement ke rekening karyawan dalam 10 hari kerja sejak approval final.
5. Catatan Penting
Klaim untuk pengobatan alternatif/non-medis tidak termasuk dalam cakupan reimbursement. Karyawan
yang keluar dari perusahaan sebelum klaim diproses tetap berhak menerima reimbursement untuk
periode saat masih aktif bekerja.
",sop-reimbursement-kesehatan-karyawan.pdf,"[0.039587624, 0.025837917, -0.14338431, -0.0075364187, -0.014797631, -0.048844248, 0.006508909, 0.018493896, -0.00435052, 0.040572304, -0.01478988, 0.016286027, 0.08115667, 0.0058115544, 0.028634056, -0.02356873, 0.0022109093, -0.006353517, -0.101131774, 0.039234415, -0.056727946, -0.009766221, -0.09097002, -0.0136038, 0.06631125, -0.002672179, 0.028231774, 0.027306447, 0.017398875, -0.05360702, 0.023666687, -0.0036596293, -0.013058264, -0.03486924, -0.026278242, -0.053181008, 0.091274604, 0.038997315, -0.02968542, -0.0659822, 0.017309828, 0.015316752, 0.025628004, 0.036923986, 0.04677099, 0.049371786, 0.05218613, 0.082112655, 0.07840677, -0.0068639214, -0.016128043, -0.029551955, -0.00023313994, -0.016827196, -0.003522305, 0.04502439, -0.04599269, 0.012425262, 0.014914738, -0.047887232, 0.06970119, 0.051199842, -0.042979226, 0.10297389, 0.042617742, -0.059353422, -0.048944652, 0.02815082, -0.0057953806, -0.030269347, 0.035689563, -0.02653007, -0.0380991, 0.025465876, 0.016584992, -0.012435456, -0.07582688, -0.04012793, -0.008919212, 0.023009425, 0.014003016, -0.021291444, 0.10922665, 0.032257967, 0.0621969, 0.0136601245, -0.0064427, 0.0031521388, -0.034315173, 0.033097275, 0.014674177, -0.024514517, 0.006825996, 0.061995823, -0.07814011, -0.008782443, -0.0068528517, 0.007837286, -0.011725621, -0.037723463, -0.005640662, -0.015458888, 0.096795045, 0.017225033, 0.06632342, 0.02403947, -0.0160191, 9.094563e-05, 0.020505866, -0.011338503, -0.03990365, 0.016386822, -0.025749957, -0.049947742, 0.03353967, -0.0080251815, 0.010442329, -0.007507113, 0.0279198, 0.0682406, -0.0050102994, -0.025462845, -0.010234471, 0.027724637, -0.0069920397, 0.02674839, -0.033701357, 0.0048870607, 0.030976107, -0.049152553, 0.027094549, 0.003470755, 0.012321931, 0.0076310155, 0.011339651, 0.037835777, 0.017480643, 0.006387182, -0.028560476, -0.020236585, 0.039875414, -0.0058027236, 0.018105961, -0.020033808, -0.014355557, -0.04888886, 0.0896208, 0.006805273, -0.028681973, 0.042774346, 0.013546441, 0.02116635, -0.04499117, 0.042600974, 0.014343509, -0.030024908, -0.031534925, -0.0016656538, 0.027652455, 0.019097786, 0.0331712, 0.03154436, -0.020189123, 0.0794882, -0.0115757985, -0.01010604, 0.0029544886, 0.037831943, 0.026731357, -0.013059085, -0.03100215, -0.033505414, -0.03561524, -0.059655223, 0.07222424, -0.017399246, 0.01840303, -0.0011623761, -0.02330385, -0.046271667, 0.010234008, -0.029718643, 0.0559071, 0.059201762, -0.04517606, 0.0025061825, 0.0428319, -0.007150728, 0.0027715783, -0.051684275, 0.039253782, 0.06460174, -0.020659616, -0.0337588, -0.03928369, -0.0073160203, 0.02962554, 0.07169588, -0.00070727704, -0.043172568, 0.031555846, 0.021638947, -0.03489409, -0.001981071, 0.0104514975, 0.030473426, -0.012164908, 0.032946285, -0.03546767, 0.013431712, 0.050665583, -0.045045782, -0.0032135616, -0.012402246, 0.07014044, -0.01698342, 0.017369496, -0.021290518, -0.019715833, 0.031313814, 0.010650444, -0.017941674, -0.02077464, -0.015342305, -0.009039802, 0.004421522, -0.0038213371, 0.0038299724, -0.021136016, -0.03242257, -0.027494328, -0.10020225, 0.014774158, 0.019206462, -0.020750528, -0.022411631, 0.022380432, 0.027584799, 0.0076288255, -0.001669288, -0.0019027862, 0.06600782, -0.009520856, -0.013753244, -0.031649977, 0.054307293, 0.037296243, -0.06101041, -0.009363931, 0.04833956, 0.043153774, 0.017370459, 0.07162813, 0.020174574, 0.03159044, -0.05073101, -0.052799337, -0.010080349, 0.029138697, 0.0170759, 0.010328306, -0.0062828204, 0.051282953, -0.04272814, -0.029447112, -0.049174353, -0.046559982, 0.00087209285, 0.028062833, -0.026604861, 0.022330467, 0.0013738488, 0.031849653, 0.05830392, -0.009665951, -0.0044609876, -0.029781897, -0.01807912, -0.0560662, 0.017546033, -0.037297934, -0.022989996, -0.012292194, -0.022324553, 0.0040771305, 0.018960498, 0.028966643, 0.010306826, -0.036223408, 0.05071228, 0.014649701, -0.02187606, -0.018832544, 0.0349562, 0.0010868679, 0.016347548, 0.04524302, 0.017101804, 0.02911009, -0.009087206, 0.045417603, -0.024225093, -0.013222131, -0.0075064576, -0.0027833087, -0.0096182935, -0.005172472, 0.0063165436, 0.048475906, -0.0040064394, -0.04854983, 0.0034035079, -0.06305808, 0.024955107, -0.055554762, 0.03991104, -0.019430494, 0.0010903021, 0.06315653, 0.059369113, 0.0051295883, -0.062276565, 0.010907098, -0.03426937, -0.0132951345, 0.016604878, -0.03405439, 0.021393133, -0.008427545, -0.047061995, -0.037751585, 0.066455826, 0.05923931, -0.071548425, -0.0143631445, 0.054896086, 0.015200369, -0.020026699, 0.045317546, 0.014972862, 0.054808017, -0.03392451, 0.06237249, -0.06413897, -0.029302638, 0.012535156, -0.009817492, -0.026457874, 0.035894398, 0.03186543, -0.014476852, 0.016905053, 0.004652059, -0.04022695, 0.035455715, 0.008687994, 0.012653062, 0.058973543, 0.03876133, -0.04346777, 0.03158465, -0.02660868, 0.0050211395, 0.045964245, -0.02291973, 0.04895456, 0.055629883, 0.014118752, 0.031117996, -0.005607399, -0.0064860433, -0.011600986, -0.03821666, 0.049129795, -0.01120147, 0.0123597095, -0.040189527, -0.0011834311, -0.019097174, 0.044678036, 0.000114858776, -0.0075162225, 0.0091723865, 0.03165104, 0.0066159195, 0.002999889, 0.0122301355, -0.05087927, -0.020896463, -0.008930081, 0.0064255036, -0.03423165, -0.013394066, -0.014968789, 0.03896766, -0.0295041, 0.06433246, -0.01681916, 0.017775442, 0.05449395, -0.039062604, -0.0453282, 0.001270558, -0.00820872, 0.023685595, 0.07632225, 0.02884556, -0.052983586, 0.034479856, -0.029202316, -0.042758223, 0.028658573, -0.014191081, -0.019306738, 0.026268972, -0.028733216, 0.043913227, 0.005357144, -0.030581031, 0.0064135594, 0.052272648, 0.024372375, -0.026429487, -0.015286844, 0.0652052, 0.030652195, 0.007600969, 0.04748913, 0.027360575, -0.036578793, 0.019570706, 0.025162049, 0.01631735, -0.04268454, -0.00729818, -0.029314341, -0.01550206, 0.035212304, 0.021728605, -0.05542022, 0.029008327, 0.010850012, -0.025688626, -0.025841868, 0.017603246, 0.0051770806, 0.015888296, -0.049999803, -0.0584959, 0.029154068, 0.024503356, 0.048536487, 0.007763971, 0.034224577, 0.024101162, -0.014767733, -0.014478601, -0.016601902, 0.0031734123, 0.08415677, 0.0070627783, 0.025159642, -0.015298191, 0.02838873, 0.01651383, -0.0407917, 0.016253779, 0.004409617, 0.039912652, 0.09761879, -0.029840011, 0.010946167, 0.05896265, -0.044309072, -0.0021180057, -0.045697186, -4.525031e-05, -0.026123675, 0.038687162, 0.043552425, 0.017496679, -0.011459811, -0.048667606, -0.018626368, 0.032050207, 0.02323404, 0.060545716, -0.032333624, 0.073044635, -0.020958558, 0.017682796, 0.034958277, 0.009490586, 0.016100816, 0.057234243, 0.045755528, -0.06891944, -0.008000713, 0.037269637, 0.0217778, 0.008921034, -0.012125532, -0.03933832, -0.027460957, 0.010651858, -0.08311879, 0.0016369778, -0.045929905, -0.043493506, 0.010589365, -0.0030715873, 0.0030822465, 0.06533876, 0.0072647836, 0.0047332216, -0.06598217, 0.023192167, 0.016271275, -0.021948526, 0.036453072, 0.029470095, -0.02156309, -0.0045435834, -0.08032891, -0.0029691486, -0.017686347, 0.073029086, -0.055424057, 0.023820776, -0.0006581305, 0.027431909, 0.016973216, -0.0103389565, 0.020848155, -0.021589343, -0.03610413, -0.0036274993, 0.021873796, 0.044979993, 0.04420251, 0.012530779, 0.003825122, -0.03226272, 0.019275835, -0.0082204975, -0.00649153, -0.063108146, -0.0028718822, -0.0054313694, -0.030192317, 0.028639734, -0.0573579, -0.00956373, -0.033342432, 0.043332186, -0.0414991, 0.040367234, -0.04838959, -0.0057993527, -0.026049217, 0.0054952293, -0.008157166, 0.06758655, -0.0067056846, -0.021468349, -0.018044798, -0.022047613, -0.028122429, -0.034540802, 0.007538561, -0.0062834397, 0.011228947, -0.03640322, -0.005296252, -0.0072619966, 0.015371628, 0.036350604, -0.030749667, -0.0737644, -0.0314386, 0.023824356, -0.013645753, 0.028199555, 0.025336934, -0.016477441, -0.008841031, -0.018802116, -0.038194396, 0.023238644, 0.015620628, -0.025295647, 0.006780577, -0.0015910598, -0.009627633, 0.010749795, 0.0018484, -0.0008419052, 0.024506627, -0.046744294, -0.016466334, -0.044715535, -0.014628164, -0.01900814, -0.048861165, 0.015804706, 0.0011312334, -0.039618284, 0.052358564, 0.0062679863, -0.01865674, 0.02090781, 0.045807812, 0.037931725, 0.0063723014, 0.0072225127, -0.0051705255, 0.04280851, 0.0040239375, -0.027486375, -0.054424483, -0.024596833, -0.061719403, 0.07243693, 0.042090833, 0.040297486, 0.0110730445, -0.054375123, -0.0059798667, -0.04316929, 0.046908583, -0.06062984, -0.020978227, -0.032660298, -0.059125975, -0.044562675, 0.0057267547, -0.015965978, 0.00035308622, 0.003102843, 0.017795049, 0.027210906, -0.046554156, -0.001343104, 0.038139068, 0.046939738, -0.039508, 0.034620274, 0.026628522, 0.035705842, -0.03702871, 0.060590997, 0.037219513, 0.008281714, -0.01215501, -0.01513143, -0.011460092, 0.05832568, -0.010983171, -0.039025024, -0.037112124, 0.048398204, 0.027473733, -0.011314065, 0.042073037, 0.030331904, 0.002038075, -0.017166698, 0.013267854, -0.06849286, -0.02043383, 0.05062093, 0.026902892, 0.013957646, 0.01189301, -0.021360079, 0.05243062, 0.036329452, 0.009319619, -0.018767325, -0.0055544237, -0.04576168, 0.038964584, 0.03822999, -0.020934425, 0.00051131815, -0.030755268, 0.06600418, -0.0031776165, 0.0674334, -0.032789744, -0.037727877, -0.027630962, -0.004395218, -0.047792904, 0.009763845, 0.037536457, -0.0019021431, -0.05737373, -0.061348636, 0.024570359, -0.039235912, 0.014104888, 0.018682154, 0.017411279, -0.056363184, -0.015208642, -0.016206197, 0.018701827, -0.023342116, 0.009189875, -0.03681153, -0.024989156, -0.021440377, 0.072606534, 0.0027775546, 0.010060547, -0.08370118, -0.0388088, 0.015044452, -0.05700069, 0.037379343, -0.007198351, -0.040582106, -0.07959767, -0.0390598, -0.024131268, -0.030416455, -0.03399899, -0.035118144, -0.044816192, -0.0072278455, -0.008920675, -0.090336114, 0.07811967, -0.04036094, -0.019471519, -0.07877569, -0.031795975, -0.022124063, -0.05320166, -0.059887204, -0.0008726143, 0.011546704, 0.0382529, -0.01329411, -0.047118086, -0.03476625, 0.01092727, 0.030544376, -0.025918879, -0.008119592, -0.0064880652, -0.07131745, -0.0076499134, 0.08031676, 0.041217364, -0.035111908, 0.021648511, 0.06997199, 0.05151644, 0.0051282104, -0.03600023, -0.0009078427, -0.06337138, 0.03136003, -0.05194181, -0.04565838, -0.054557495]"
